Name,Vector1,Vector2,Row,Column,F,Well,Compound,Concentration
r01c01f01p01-sk1fk1fl1.tiff,0.8118259,4.8812804,A,01,01,A01,Berberine Chloride,50.0
r01c01f04p01-sk1fk1fl1.tiff,-2.0970185,3.7100425,A,01,04,A01,Berberine Chloride,50.0
r01c01f07p01-sk1fk1fl1.tiff,-0.17364681,0.30671263,A,01,07,A01,Berberine Chloride,50.0
r01c02f01p01-sk1fk1fl1.tiff,0.7640207,4.75193,A,02,01,A02,Berberine Chloride,25.0
r01c02f04p01-sk1fk1fl1.tiff,-1.7871872,3.22899,A,02,04,A02,Berberine Chloride,25.0
r01c02f07p01-sk1fk1fl1.tiff,-1.9297438,3.744091,A,02,07,A02,Berberine Chloride,25.0
r01c03f01p01-sk1fk1fl1.tiff,-0.16003235,0.59320086,A,03,01,A03,Berberine Chloride,12.5
r01c03f04p01-sk1fk1fl1.tiff,1.2316889,2.175085,A,03,04,A03,Berberine Chloride,12.5
r01c03f07p01-sk1fk1fl1.tiff,-2.4358099,3.5981212,A,03,07,A03,Berberine Chloride,12.5
r01c04f01p01-sk1fk1fl1.tiff,1.3608283,1.7683346,A,04,01,A04,Berberine Chloride,6.25
r01c04f04p01-sk1fk1fl1.tiff,0.0934953,0.55189806,A,04,04,A04,Berberine Chloride,6.25
r01c04f07p01-sk1fk1fl1.tiff,2.3640854,3.4693263,A,04,07,A04,Berberine Chloride,6.25
r01c05f01p01-sk1fk1fl1.tiff,1.6835136,1.4137396,A,05,01,A05,Berberine Chloride,3.1666666666667
r01c05f04p01-sk1fk1fl1.tiff,0.5312038,0.016351983,A,05,04,A05,Berberine Chloride,3.1666666666667
r01c05f07p01-sk1fk1fl1.tiff,-0.18066718,-0.056941286,A,05,07,A05,Berberine Chloride,3.1666666666667
r01c06f01p01-sk1fk1fl1.tiff,1.6232787,0.7814649,A,06,01,A06,Berberine Chloride,1.5833333333333
r01c06f04p01-sk1fk1fl1.tiff,-0.15992936,-0.3663101,A,06,04,A06,Berberine Chloride,1.5833333333333
r01c06f07p01-sk1fk1fl1.tiff,0.7061047,1.0009803,A,06,07,A06,Berberine Chloride,1.5833333333333
r01c07f01p01-sk1fk1fl1.tiff,1.6701026,1.4710674,A,07,01,A07,Berberine Chloride,0.75
r01c07f04p01-sk1fk1fl1.tiff,0.6036658,2.2734036,A,07,04,A07,Berberine Chloride,0.75
r01c07f07p01-sk1fk1fl1.tiff,-0.1547104,-0.19888492,A,07,07,A07,Berberine Chloride,0.75
r01c08f01p01-sk1fk1fl1.tiff,0.49830535,4.061177,A,08,01,A08,Berberine Chloride,0.41666666666667
r01c08f04p01-sk1fk1fl1.tiff,0.3245697,0.86983556,A,08,04,A08,Berberine Chloride,0.41666666666667
r01c08f07p01-sk1fk1fl1.tiff,-0.6275905,0.54127145,A,08,07,A08,Berberine Chloride,0.41666666666667
r01c09f01p01-sk1fk1fl1.tiff,-0.56838065,-0.18161917,A,09,01,A09,Berberine Chloride,0.16666666666667
r01c09f04p01-sk1fk1fl1.tiff,0.8680414,0.4151594,A,09,04,A09,Berberine Chloride,0.16666666666667
r01c09f07p01-sk1fk1fl1.tiff,0.43401155,1.1913222,A,09,07,A09,Berberine Chloride,0.16666666666667
r01c10f01p01-sk1fk1fl1.tiff,0.97226745,1.7534076,A,10,01,A10,Berberine Chloride,0.083333333333333
r01c10f04p01-sk1fk1fl1.tiff,-0.56616455,0.31291,A,10,04,A10,Berberine Chloride,0.083333333333333
r01c10f07p01-sk1fk1fl1.tiff,-0.5268035,0.14587386,A,10,07,A10,Berberine Chloride,0.083333333333333
r01c11f01p01-sk1fk1fl1.tiff,1.0736235,1.1218036,A,11,01,A11,Berberine Chloride,0.041666666666667
r01c11f04p01-sk1fk1fl1.tiff,1.0946351,0.1994309,A,11,04,A11,Berberine Chloride,0.041666666666667
r01c11f07p01-sk1fk1fl1.tiff,-0.43731707,-0.48264968,A,11,07,A11,Berberine Chloride,0.041666666666667
r01c12f01p01-sk1fk1fl1.tiff,0.9758725,1.0448989,A,12,01,A12,Berberine Chloride,50.0
r01c12f04p01-sk1fk1fl1.tiff,-0.033897225,0.11546096,A,12,04,A12,Berberine Chloride,50.0
r01c12f07p01-sk1fk1fl1.tiff,-0.14301306,2.7832403,A,12,07,A12,Berberine Chloride,50.0
r01c13f01p01-sk1fk1fl1.tiff,1.0936049,1.353313,A,13,01,A13,Berberine Chloride,25.0
r01c13f04p01-sk1fk1fl1.tiff,-1.8933054,1.6336693,A,13,04,A13,Berberine Chloride,25.0
r01c13f07p01-sk1fk1fl1.tiff,-2.38971,2.8664303,A,13,07,A13,Berberine Chloride,25.0
r01c14f01p01-sk1fk1fl1.tiff,-1.1316152,1.124138,A,14,01,A14,Berberine Chloride,12.5
r01c14f04p01-sk1fk1fl1.tiff,0.0051861024,1.9197545,A,14,04,A14,Berberine Chloride,12.5
r01c14f07p01-sk1fk1fl1.tiff,-1.4390869,2.0349584,A,14,07,A14,Berberine Chloride,12.5
r01c15f01p01-sk1fk1fl1.tiff,-0.49180204,1.18487,A,15,01,A15,Berberine Chloride,6.25
r01c15f04p01-sk1fk1fl1.tiff,0.1780286,0.49046633,A,15,04,A15,Berberine Chloride,6.25
r01c15f07p01-sk1fk1fl1.tiff,-0.5913551,-0.30437884,A,15,07,A15,Berberine Chloride,6.25
r01c16f01p01-sk1fk1fl1.tiff,-1.873797,2.9513955,A,16,01,A16,Berberine Chloride,3.1666666666667
r01c16f04p01-sk1fk1fl1.tiff,0.67502767,0.5175652,A,16,04,A16,Berberine Chloride,3.1666666666667
r01c16f07p01-sk1fk1fl1.tiff,-1.3504033,1.2557039,A,16,07,A16,Berberine Chloride,3.1666666666667
r01c17f01p01-sk1fk1fl1.tiff,1.6993564,0.58780015,A,17,01,A17,Berberine Chloride,1.5833333333333
r01c17f04p01-sk1fk1fl1.tiff,-0.40026635,-0.04968859,A,17,04,A17,Berberine Chloride,1.5833333333333
r01c17f07p01-sk1fk1fl1.tiff,-1.4672291,2.3110306,A,17,07,A17,Berberine Chloride,1.5833333333333
r01c18f01p01-sk1fk1fl1.tiff,-0.7780227,0.118548185,A,18,01,A18,Berberine Chloride,0.75
r01c18f04p01-sk1fk1fl1.tiff,-0.78836036,1.8001912,A,18,04,A18,Berberine Chloride,0.75
r01c18f07p01-sk1fk1fl1.tiff,-1.8147218,1.207046,A,18,07,A18,Berberine Chloride,0.75
r01c19f01p01-sk1fk1fl1.tiff,0.013733731,0.9006089,A,19,01,A19,Berberine Chloride,0.41666666666667
r01c19f04p01-sk1fk1fl1.tiff,-1.7763466,1.2365855,A,19,04,A19,Berberine Chloride,0.41666666666667
r01c19f07p01-sk1fk1fl1.tiff,-0.42039734,0.72019446,A,19,07,A19,Berberine Chloride,0.41666666666667
r01c20f01p01-sk1fk1fl1.tiff,-2.0613198,3.0676026,A,20,01,A20,Berberine Chloride,0.16666666666667
r01c20f04p01-sk1fk1fl1.tiff,0.77311134,1.8545072,A,20,04,A20,Berberine Chloride,0.16666666666667
r01c20f07p01-sk1fk1fl1.tiff,-2.2161102,2.9521625,A,20,07,A20,Berberine Chloride,0.16666666666667
r01c21f01p01-sk1fk1fl1.tiff,0.9415655,4.4786696,A,21,01,A21,Berberine Chloride,0.083333333333333
r01c21f04p01-sk1fk1fl1.tiff,0.009827751,4.608103,A,21,04,A21,Berberine Chloride,0.083333333333333
r01c21f07p01-sk1fk1fl1.tiff,-0.40247995,1.171241,A,21,07,A21,Berberine Chloride,0.083333333333333
r01c22f01p01-sk1fk1fl1.tiff,1.4645609,0.554537,A,22,01,A22,Berberine Chloride,0.041666666666667
r01c22f04p01-sk1fk1fl1.tiff,0.50388676,0.61987936,A,22,04,A22,Berberine Chloride,0.041666666666667
r01c22f07p01-sk1fk1fl1.tiff,-1.8579527,2.3881173,A,22,07,A22,Berberine Chloride,0.041666666666667
r01c23f01p01-sk1fk1fl1.tiff,-2.0520556,2.372066,A,23,01,A23,DMSO,
r01c23f04p01-sk1fk1fl1.tiff,-1.8228059,3.1238601,A,23,04,A23,DMSO,
r01c23f07p01-sk1fk1fl1.tiff,0.61887765,4.8828135,A,23,07,A23,DMSO,
r01c24f01p01-sk1fk1fl1.tiff,0.7451351,4.683478,A,24,01,A24,DMSO,
r01c24f04p01-sk1fk1fl1.tiff,-1.0667529,3.268824,A,24,04,A24,DMSO,
r01c24f07p01-sk1fk1fl1.tiff,0.6932637,4.971519,A,24,07,A24,DMSO,
r02c01f01p01-sk1fk1fl1.tiff,-0.35896072,10.149072,B,01,01,B01,Brefeldin A,50.0
r02c01f04p01-sk1fk1fl1.tiff,-0.13816448,10.49795,B,01,04,B01,Brefeldin A,50.0
r02c01f07p01-sk1fk1fl1.tiff,2.1854668,10.339777,B,01,07,B01,Brefeldin A,50.0
r02c02f01p01-sk1fk1fl1.tiff,0.38215032,10.214862,B,02,01,B02,Brefeldin A,25.0
r02c02f04p01-sk1fk1fl1.tiff,-0.17281553,9.924659,B,02,04,B02,Brefeldin A,25.0
r02c02f07p01-sk1fk1fl1.tiff,2.0987098,10.279527,B,02,07,B02,Brefeldin A,25.0
r02c03f01p01-sk1fk1fl1.tiff,1.0691676,9.73849,B,03,01,B03,Brefeldin A,12.5
r02c03f04p01-sk1fk1fl1.tiff,0.13045008,9.473958,B,03,04,B03,Brefeldin A,12.5
r02c03f07p01-sk1fk1fl1.tiff,15.000694,1.743598,B,03,07,B03,Brefeldin A,12.5
r02c04f01p01-sk1fk1fl1.tiff,0.2910925,9.980996,B,04,01,B04,Brefeldin A,6.25
r02c04f04p01-sk1fk1fl1.tiff,-0.10937592,10.227491,B,04,04,B04,Brefeldin A,6.25
r02c04f07p01-sk1fk1fl1.tiff,2.1104808,10.41588,B,04,07,B04,Brefeldin A,6.25
r02c05f01p01-sk1fk1fl1.tiff,-0.17567165,9.650568,B,05,01,B05,Brefeldin A,3.1666666666667
r02c05f04p01-sk1fk1fl1.tiff,0.24175145,10.028639,B,05,04,B05,Brefeldin A,3.1666666666667
r02c05f07p01-sk1fk1fl1.tiff,0.5822381,9.811651,B,05,07,B05,Brefeldin A,3.1666666666667
r02c06f01p01-sk1fk1fl1.tiff,1.2533039,9.853411,B,06,01,B06,Brefeldin A,1.5833333333333
r02c06f04p01-sk1fk1fl1.tiff,0.27453843,9.8066225,B,06,04,B06,Brefeldin A,1.5833333333333
r02c06f07p01-sk1fk1fl1.tiff,1.7429016,10.260777,B,06,07,B06,Brefeldin A,1.5833333333333
r02c07f01p01-sk1fk1fl1.tiff,0.51241016,9.676878,B,07,01,B07,Brefeldin A,0.75
r02c07f04p01-sk1fk1fl1.tiff,0.38751173,10.15084,B,07,04,B07,Brefeldin A,0.75
r02c07f07p01-sk1fk1fl1.tiff,0.6811504,9.639468,B,07,07,B07,Brefeldin A,0.75
r02c08f01p01-sk1fk1fl1.tiff,-0.17203534,10.242332,B,08,01,B08,Brefeldin A,0.41666666666667
r02c08f04p01-sk1fk1fl1.tiff,0.39743012,10.101205,B,08,04,B08,Brefeldin A,0.41666666666667
r02c08f07p01-sk1fk1fl1.tiff,1.827004,10.008459,B,08,07,B08,Brefeldin A,0.41666666666667
r02c09f01p01-sk1fk1fl1.tiff,0.30046737,9.877901,B,09,01,B09,Brefeldin A,0.16666666666667
r02c09f04p01-sk1fk1fl1.tiff,-0.1681866,9.638315,B,09,04,B09,Brefeldin A,0.16666666666667
r02c09f07p01-sk1fk1fl1.tiff,1.9679322,10.251869,B,09,07,B09,Brefeldin A,0.16666666666667
r02c10f01p01-sk1fk1fl1.tiff,0.042780295,8.988291,B,10,01,B10,Brefeldin A,0.083333333333333
r02c10f04p01-sk1fk1fl1.tiff,-0.49057448,9.616154,B,10,04,B10,Brefeldin A,0.083333333333333
r02c10f07p01-sk1fk1fl1.tiff,0.28409392,9.528352,B,10,07,B10,Brefeldin A,0.083333333333333
r02c11f01p01-sk1fk1fl1.tiff,-2.2466743,3.1684399,B,11,01,B11,Brefeldin A,0.041666666666667
r02c11f04p01-sk1fk1fl1.tiff,-1.9781537,4.3784924,B,11,04,B11,Brefeldin A,0.041666666666667
r02c11f07p01-sk1fk1fl1.tiff,-2.0870795,4.309608,B,11,07,B11,Brefeldin A,0.041666666666667
r02c12f01p01-sk1fk1fl1.tiff,-0.17178723,10.619448,B,12,01,B12,Brefeldin A,50.0
r02c12f04p01-sk1fk1fl1.tiff,-0.13147691,9.8044815,B,12,04,B12,Brefeldin A,50.0
r02c12f07p01-sk1fk1fl1.tiff,1.8168387,10.187711,B,12,07,B12,Brefeldin A,50.0
r02c13f01p01-sk1fk1fl1.tiff,-0.25511488,10.180893,B,13,01,B13,Brefeldin A,25.0
r02c13f04p01-sk1fk1fl1.tiff,0.082622364,9.617963,B,13,04,B13,Brefeldin A,25.0
r02c13f07p01-sk1fk1fl1.tiff,1.7871854,10.102649,B,13,07,B13,Brefeldin A,25.0
r02c14f01p01-sk1fk1fl1.tiff,0.24694328,10.352298,B,14,01,B14,Brefeldin A,12.5
r02c14f04p01-sk1fk1fl1.tiff,-0.17633325,10.647309,B,14,04,B14,Brefeldin A,12.5
r02c14f07p01-sk1fk1fl1.tiff,1.9463216,10.101141,B,14,07,B14,Brefeldin A,12.5
r02c15f01p01-sk1fk1fl1.tiff,-0.17927803,10.227114,B,15,01,B15,Brefeldin A,6.25
r02c15f04p01-sk1fk1fl1.tiff,0.23178072,10.262604,B,15,04,B15,Brefeldin A,6.25
r02c15f07p01-sk1fk1fl1.tiff,-0.4500932,10.2367735,B,15,07,B15,Brefeldin A,6.25
r02c16f01p01-sk1fk1fl1.tiff,0.1551821,9.472426,B,16,01,B16,Brefeldin A,3.1666666666667
r02c16f04p01-sk1fk1fl1.tiff,0.34198493,10.05711,B,16,04,B16,Brefeldin A,3.1666666666667
r02c16f07p01-sk1fk1fl1.tiff,2.2286716,10.345214,B,16,07,B16,Brefeldin A,3.1666666666667
r02c17f01p01-sk1fk1fl1.tiff,0.35800648,9.547665,B,17,01,B17,Brefeldin A,1.5833333333333
r02c17f04p01-sk1fk1fl1.tiff,0.458932,9.666801,B,17,04,B17,Brefeldin A,1.5833333333333
r02c17f07p01-sk1fk1fl1.tiff,1.6867871,10.101704,B,17,07,B17,Brefeldin A,1.5833333333333
r02c18f01p01-sk1fk1fl1.tiff,0.1871493,9.883349,B,18,01,B18,Brefeldin A,0.75
r02c18f04p01-sk1fk1fl1.tiff,0.7200522,9.948129,B,18,04,B18,Brefeldin A,0.75
r02c18f07p01-sk1fk1fl1.tiff,0.405295,10.36856,B,18,07,B18,Brefeldin A,0.75
r02c19f01p01-sk1fk1fl1.tiff,0.019384917,10.454836,B,19,01,B19,Brefeldin A,0.41666666666667
r02c19f04p01-sk1fk1fl1.tiff,-0.32681534,10.042241,B,19,04,B19,Brefeldin A,0.41666666666667
r02c19f07p01-sk1fk1fl1.tiff,0.045506507,10.155001,B,19,07,B19,Brefeldin A,0.41666666666667
r02c20f01p01-sk1fk1fl1.tiff,0.087582745,9.51844,B,20,01,B20,Brefeldin A,0.16666666666667
r02c20f04p01-sk1fk1fl1.tiff,0.47078165,10.061313,B,20,04,B20,Brefeldin A,0.16666666666667
r02c20f07p01-sk1fk1fl1.tiff,-0.2667071,10.078223,B,20,07,B20,Brefeldin A,0.16666666666667
r02c21f01p01-sk1fk1fl1.tiff,-0.4458669,9.481091,B,21,01,B21,Brefeldin A,0.083333333333333
r02c21f04p01-sk1fk1fl1.tiff,-0.21982814,9.757906,B,21,04,B21,Brefeldin A,0.083333333333333
r02c21f07p01-sk1fk1fl1.tiff,1.2081825,9.425318,B,21,07,B21,Brefeldin A,0.083333333333333
r02c22f01p01-sk1fk1fl1.tiff,-1.8344837,3.3441732,B,22,01,B22,Brefeldin A,0.041666666666667
r02c22f04p01-sk1fk1fl1.tiff,-1.7621099,4.4833584,B,22,04,B22,Brefeldin A,0.041666666666667
r02c22f07p01-sk1fk1fl1.tiff,-0.3807574,-0.09233953,B,22,07,B22,Brefeldin A,0.041666666666667
r02c23f01p01-sk1fk1fl1.tiff,-1.0272037,1.1629566,B,23,01,B23,DMSO,
r02c23f04p01-sk1fk1fl1.tiff,1.2543453,4.0507994,B,23,04,B23,DMSO,
r02c23f07p01-sk1fk1fl1.tiff,-2.238865,1.7774062,B,23,07,B23,DMSO,
r02c24f01p01-sk1fk1fl1.tiff,0.086144835,1.9421005,B,24,01,B24,DMSO,
r02c24f04p01-sk1fk1fl1.tiff,-2.4241378,3.426343,B,24,04,B24,DMSO,
r02c24f07p01-sk1fk1fl1.tiff,-2.0576,1.4396744,B,24,07,B24,DMSO,
r03c01f01p01-sk1fk1fl1.tiff,14.178841,1.5782528,C,01,01,C01,Fluphenazine,50.0
r03c01f04p01-sk1fk1fl1.tiff,14.239966,1.5284466,C,01,04,C01,Fluphenazine,50.0
r03c01f07p01-sk1fk1fl1.tiff,14.171115,1.5188543,C,01,07,C01,Fluphenazine,50.0
r03c02f01p01-sk1fk1fl1.tiff,15.00027,1.7548165,C,02,01,C02,Fluphenazine,25.0
r03c02f04p01-sk1fk1fl1.tiff,14.955886,1.7612609,C,02,04,C02,Fluphenazine,25.0
r03c02f07p01-sk1fk1fl1.tiff,14.759262,1.6635946,C,02,07,C02,Fluphenazine,25.0
r03c03f01p01-sk1fk1fl1.tiff,2.5418563,4.4224997,C,03,01,C03,Fluphenazine,12.5
r03c03f04p01-sk1fk1fl1.tiff,2.5437365,4.464692,C,03,04,C03,Fluphenazine,12.5
r03c03f07p01-sk1fk1fl1.tiff,2.3786473,4.260379,C,03,07,C03,Fluphenazine,12.5
r03c04f01p01-sk1fk1fl1.tiff,0.5116582,0.4200704,C,04,01,C04,Fluphenazine,6.25
r03c04f04p01-sk1fk1fl1.tiff,0.40181223,0.1823685,C,04,04,C04,Fluphenazine,6.25
r03c04f07p01-sk1fk1fl1.tiff,0.27286115,0.27492896,C,04,07,C04,Fluphenazine,6.25
r03c05f01p01-sk1fk1fl1.tiff,1.1375401,2.233604,C,05,01,C05,Fluphenazine,3.1666666666667
r03c05f04p01-sk1fk1fl1.tiff,0.8514776,1.2458131,C,05,04,C05,Fluphenazine,3.1666666666667
r03c05f07p01-sk1fk1fl1.tiff,-0.04970455,0.9435473,C,05,07,C05,Fluphenazine,3.1666666666667
r03c06f01p01-sk1fk1fl1.tiff,-2.370774,2.3421717,C,06,01,C06,Fluphenazine,1.5833333333333
r03c06f04p01-sk1fk1fl1.tiff,-0.8398566,2.3177476,C,06,04,C06,Fluphenazine,1.5833333333333
r03c06f07p01-sk1fk1fl1.tiff,0.74501985,0.8096548,C,06,07,C06,Fluphenazine,1.5833333333333
r03c07f01p01-sk1fk1fl1.tiff,0.3233639,0.54048187,C,07,01,C07,Fluphenazine,0.75
r03c07f04p01-sk1fk1fl1.tiff,0.6329103,1.4429361,C,07,04,C07,Fluphenazine,0.75
r03c07f07p01-sk1fk1fl1.tiff,0.57704854,3.1953037,C,07,07,C07,Fluphenazine,0.75
r03c08f01p01-sk1fk1fl1.tiff,2.2284694,2.5776608,C,08,01,C08,Fluphenazine,0.41666666666667
r03c08f04p01-sk1fk1fl1.tiff,1.0656489,0.21827474,C,08,04,C08,Fluphenazine,0.41666666666667
r03c08f07p01-sk1fk1fl1.tiff,-0.0541693,1.1959572,C,08,07,C08,Fluphenazine,0.41666666666667
r03c09f01p01-sk1fk1fl1.tiff,-1.7339928,0.9070058,C,09,01,C09,Fluphenazine,0.16666666666667
r03c09f04p01-sk1fk1fl1.tiff,-0.2833119,2.276685,C,09,04,C09,Fluphenazine,0.16666666666667
r03c09f07p01-sk1fk1fl1.tiff,0.850225,2.9717557,C,09,07,C09,Fluphenazine,0.16666666666667
r03c10f01p01-sk1fk1fl1.tiff,0.65921247,0.67840254,C,10,01,C10,Fluphenazine,0.083333333333333
r03c10f04p01-sk1fk1fl1.tiff,0.48429853,3.1239805,C,10,04,C10,Fluphenazine,0.083333333333333
r03c10f07p01-sk1fk1fl1.tiff,-0.77894425,0.9337065,C,10,07,C10,Fluphenazine,0.083333333333333
r03c11f01p01-sk1fk1fl1.tiff,-0.7090691,0.4574971,C,11,01,C11,Fluphenazine,0.041666666666667
r03c11f04p01-sk1fk1fl1.tiff,-0.44827372,-0.47180718,C,11,04,C11,Fluphenazine,0.041666666666667
r03c11f07p01-sk1fk1fl1.tiff,-1.2997509,2.238312,C,11,07,C11,Fluphenazine,0.041666666666667
r03c12f01p01-sk1fk1fl1.tiff,14.202774,1.1660869,C,12,01,C12,Fluphenazine,50.0
r03c12f04p01-sk1fk1fl1.tiff,14.538298,1.6769351,C,12,04,C12,Fluphenazine,50.0
r03c12f07p01-sk1fk1fl1.tiff,14.209696,1.1658711,C,12,07,C12,Fluphenazine,50.0
r03c13f01p01-sk1fk1fl1.tiff,14.380695,1.6927172,C,13,01,C13,Fluphenazine,25.0
r03c13f04p01-sk1fk1fl1.tiff,14.228362,1.157584,C,13,04,C13,Fluphenazine,25.0
r03c13f07p01-sk1fk1fl1.tiff,14.946047,1.7417272,C,13,07,C13,Fluphenazine,25.0
r03c14f01p01-sk1fk1fl1.tiff,2.4805682,4.1127987,C,14,01,C14,Fluphenazine,12.5
r03c14f04p01-sk1fk1fl1.tiff,2.2750373,4.1038365,C,14,04,C14,Fluphenazine,12.5
r03c14f07p01-sk1fk1fl1.tiff,2.469722,4.2314587,C,14,07,C14,Fluphenazine,12.5
r03c15f01p01-sk1fk1fl1.tiff,1.367457,0.49117693,C,15,01,C15,Fluphenazine,6.25
r03c15f04p01-sk1fk1fl1.tiff,0.12580355,0.8482953,C,15,04,C15,Fluphenazine,6.25
r03c15f07p01-sk1fk1fl1.tiff,1.3286266,0.41059104,C,15,07,C15,Fluphenazine,6.25
r03c16f01p01-sk1fk1fl1.tiff,0.22229531,-0.0323203,C,16,01,C16,Fluphenazine,3.1666666666667
r03c16f04p01-sk1fk1fl1.tiff,1.1663873,0.24008746,C,16,04,C16,Fluphenazine,3.1666666666667
r03c16f07p01-sk1fk1fl1.tiff,-0.5424596,2.7556202,C,16,07,C16,Fluphenazine,3.1666666666667
r03c17f01p01-sk1fk1fl1.tiff,-0.15147108,2.8951511,C,17,01,C17,Fluphenazine,1.5833333333333
r03c17f04p01-sk1fk1fl1.tiff,-0.5356748,0.4512554,C,17,04,C17,Fluphenazine,1.5833333333333
r03c17f07p01-sk1fk1fl1.tiff,-1.5464574,2.3143647,C,17,07,C17,Fluphenazine,1.5833333333333
r03c18f01p01-sk1fk1fl1.tiff,-0.57090485,0.6572438,C,18,01,C18,Fluphenazine,0.75
r03c18f04p01-sk1fk1fl1.tiff,0.7999419,4.3935003,C,18,04,C18,Fluphenazine,0.75
r03c18f07p01-sk1fk1fl1.tiff,-0.04171202,1.5913496,C,18,07,C18,Fluphenazine,0.75
r03c19f01p01-sk1fk1fl1.tiff,-0.66742635,0.8989555,C,19,01,C19,Fluphenazine,0.41666666666667
r03c19f04p01-sk1fk1fl1.tiff,0.17659946,2.1592314,C,19,04,C19,Fluphenazine,0.41666666666667
r03c19f07p01-sk1fk1fl1.tiff,-0.11049574,2.7357187,C,19,07,C19,Fluphenazine,0.41666666666667
r03c20f01p01-sk1fk1fl1.tiff,-0.10163267,1.6672118,C,20,01,C20,Fluphenazine,0.16666666666667
r03c20f04p01-sk1fk1fl1.tiff,-0.3760014,1.1229353,C,20,04,C20,Fluphenazine,0.16666666666667
r03c20f07p01-sk1fk1fl1.tiff,0.8299878,0.23589016,C,20,07,C20,Fluphenazine,0.16666666666667
r03c21f01p01-sk1fk1fl1.tiff,-0.8828947,2.1341968,C,21,01,C21,Fluphenazine,0.083333333333333
r03c21f04p01-sk1fk1fl1.tiff,-0.31372163,0.40872622,C,21,04,C21,Fluphenazine,0.083333333333333
r03c21f07p01-sk1fk1fl1.tiff,-1.5543491,1.9377996,C,21,07,C21,Fluphenazine,0.083333333333333
r03c22f01p01-sk1fk1fl1.tiff,-0.2921309,1.1243994,C,22,01,C22,Fluphenazine,0.041666666666667
r03c22f04p01-sk1fk1fl1.tiff,-2.414766,3.1082973,C,22,04,C22,Fluphenazine,0.041666666666667
r03c22f07p01-sk1fk1fl1.tiff,-0.017144723,2.9372096,C,22,07,C22,Fluphenazine,0.041666666666667
r03c23f01p01-sk1fk1fl1.tiff,-2.1386943,1.8798937,C,23,01,C23,DMSO,
r03c23f04p01-sk1fk1fl1.tiff,-0.43485114,0.24676241,C,23,04,C23,DMSO,
r03c23f07p01-sk1fk1fl1.tiff,1.3433119,2.5462894,C,23,07,C23,DMSO,
r03c24f01p01-sk1fk1fl1.tiff,-2.072416,2.0884857,C,24,01,C24,DMSO,
r03c24f04p01-sk1fk1fl1.tiff,0.0075718085,2.5789378,C,24,04,C24,DMSO,
r03c24f07p01-sk1fk1fl1.tiff,-1.7988164,1.1264645,C,24,07,C24,DMSO,
r04c01f01p01-sk1fk1fl1.tiff,-0.028870571,9.198946,D,01,01,D01,Latrunculin B,50.0
r04c01f04p01-sk1fk1fl1.tiff,-0.018030291,8.8481,D,01,04,D01,Latrunculin B,50.0
r04c01f07p01-sk1fk1fl1.tiff,0.8480163,8.979631,D,01,07,D01,Latrunculin B,50.0
r04c02f01p01-sk1fk1fl1.tiff,0.5668695,8.0941105,D,02,01,D02,Latrunculin B,25.0
r04c02f04p01-sk1fk1fl1.tiff,0.28645733,8.202781,D,02,04,D02,Latrunculin B,25.0
r04c02f07p01-sk1fk1fl1.tiff,0.31335786,8.669515,D,02,07,D02,Latrunculin B,25.0
r04c03f01p01-sk1fk1fl1.tiff,0.5324779,8.40702,D,03,01,D03,Latrunculin B,12.5
r04c03f04p01-sk1fk1fl1.tiff,0.19398132,7.549237,D,03,04,D03,Latrunculin B,12.5
r04c03f07p01-sk1fk1fl1.tiff,0.5929172,4.8990073,D,03,07,D03,Latrunculin B,12.5
r04c04f01p01-sk1fk1fl1.tiff,0.3608964,8.276618,D,04,01,D04,Latrunculin B,6.25
r04c04f04p01-sk1fk1fl1.tiff,0.075779125,7.3917828,D,04,04,D04,Latrunculin B,6.25
r04c04f07p01-sk1fk1fl1.tiff,0.034415398,8.917256,D,04,07,D04,Latrunculin B,6.25
r04c05f01p01-sk1fk1fl1.tiff,0.32092816,7.37393,D,05,01,D05,Latrunculin B,3.1666666666667
r04c05f04p01-sk1fk1fl1.tiff,0.26820502,7.374366,D,05,04,D05,Latrunculin B,3.1666666666667
r04c05f07p01-sk1fk1fl1.tiff,0.45485446,7.4322186,D,05,07,D05,Latrunculin B,3.1666666666667
r04c06f01p01-sk1fk1fl1.tiff,0.19916308,8.475944,D,06,01,D06,Latrunculin B,1.5833333333333
r04c06f04p01-sk1fk1fl1.tiff,0.38882104,7.3440185,D,06,04,D06,Latrunculin B,1.5833333333333
r04c06f07p01-sk1fk1fl1.tiff,0.05879278,7.450468,D,06,07,D06,Latrunculin B,1.5833333333333
r04c07f01p01-sk1fk1fl1.tiff,-1.2427775,5.110902,D,07,01,D07,Latrunculin B,0.75
r04c07f04p01-sk1fk1fl1.tiff,-1.2375323,4.6271887,D,07,04,D07,Latrunculin B,0.75
r04c07f07p01-sk1fk1fl1.tiff,-0.89921,5.440297,D,07,07,D07,Latrunculin B,0.75
r04c08f01p01-sk1fk1fl1.tiff,0.46522593,4.069946,D,08,01,D08,Latrunculin B,0.41666666666667
r04c08f04p01-sk1fk1fl1.tiff,1.4978403,4.05478,D,08,04,D08,Latrunculin B,0.41666666666667
r04c08f07p01-sk1fk1fl1.tiff,-0.6332741,4.4076905,D,08,07,D08,Latrunculin B,0.41666666666667
r04c09f01p01-sk1fk1fl1.tiff,0.5915114,2.7486665,D,09,01,D09,Latrunculin B,0.16666666666667
r04c09f04p01-sk1fk1fl1.tiff,0.50085527,1.7151109,D,09,04,D09,Latrunculin B,0.16666666666667
r04c09f07p01-sk1fk1fl1.tiff,-0.9644027,1.309132,D,09,07,D09,Latrunculin B,0.16666666666667
r04c10f01p01-sk1fk1fl1.tiff,-0.42121944,0.886738,D,10,01,D10,Latrunculin B,0.083333333333333
r04c10f04p01-sk1fk1fl1.tiff,0.51476115,1.9503746,D,10,04,D10,Latrunculin B,0.083333333333333
r04c10f07p01-sk1fk1fl1.tiff,0.33686945,2.6058936,D,10,07,D10,Latrunculin B,0.083333333333333
r04c11f01p01-sk1fk1fl1.tiff,1.5439138,0.47238955,D,11,01,D11,Latrunculin B,0.041666666666667
r04c11f04p01-sk1fk1fl1.tiff,0.7906967,4.051416,D,11,04,D11,Latrunculin B,0.041666666666667
r04c11f07p01-sk1fk1fl1.tiff,-1.5807786,0.97216284,D,11,07,D11,Latrunculin B,0.041666666666667
r04c12f01p01-sk1fk1fl1.tiff,0.49092388,8.353427,D,12,01,D12,Latrunculin B,50.0
r04c12f04p01-sk1fk1fl1.tiff,0.3995628,9.105637,D,12,04,D12,Latrunculin B,50.0
r04c12f07p01-sk1fk1fl1.tiff,0.37018126,8.932862,D,12,07,D12,Latrunculin B,50.0
r04c13f01p01-sk1fk1fl1.tiff,0.34136543,8.554088,D,13,01,D13,Latrunculin B,25.0
r04c13f04p01-sk1fk1fl1.tiff,0.6009275,8.1810665,D,13,04,D13,Latrunculin B,25.0
r04c13f07p01-sk1fk1fl1.tiff,0.4764493,8.34613,D,13,07,D13,Latrunculin B,25.0
r04c14f01p01-sk1fk1fl1.tiff,0.42707747,8.410763,D,14,01,D14,Latrunculin B,12.5
r04c14f04p01-sk1fk1fl1.tiff,0.5443803,7.823173,D,14,04,D14,Latrunculin B,12.5
r04c14f07p01-sk1fk1fl1.tiff,0.59858483,8.173315,D,14,07,D14,Latrunculin B,12.5
r04c15f01p01-sk1fk1fl1.tiff,0.4687461,8.4445,D,15,01,D15,Latrunculin B,6.25
r04c15f04p01-sk1fk1fl1.tiff,0.43091202,7.596584,D,15,04,D15,Latrunculin B,6.25
r04c15f07p01-sk1fk1fl1.tiff,0.4271756,7.647821,D,15,07,D15,Latrunculin B,6.25
r04c16f01p01-sk1fk1fl1.tiff,-0.11497459,6.9320793,D,16,01,D16,Latrunculin B,3.1666666666667
r04c16f04p01-sk1fk1fl1.tiff,0.378012,7.3982086,D,16,04,D16,Latrunculin B,3.1666666666667
r04c16f07p01-sk1fk1fl1.tiff,0.046901476,7.2208953,D,16,07,D16,Latrunculin B,3.1666666666667
r04c17f01p01-sk1fk1fl1.tiff,0.16530408,7.3592477,D,17,01,D17,Latrunculin B,1.5833333333333
r04c17f04p01-sk1fk1fl1.tiff,-0.4124424,6.1486893,D,17,04,D17,Latrunculin B,1.5833333333333
r04c17f07p01-sk1fk1fl1.tiff,0.1423279,7.5221157,D,17,07,D17,Latrunculin B,1.5833333333333
r04c18f01p01-sk1fk1fl1.tiff,-0.7420527,5.692874,D,18,01,D18,Latrunculin B,0.75
r04c18f04p01-sk1fk1fl1.tiff,-1.5027376,3.5093608,D,18,04,D18,Latrunculin B,0.75
r04c18f07p01-sk1fk1fl1.tiff,-0.4298654,5.8288555,D,18,07,D18,Latrunculin B,0.75
r04c19f01p01-sk1fk1fl1.tiff,-0.5064511,5.539245,D,19,01,D19,Latrunculin B,0.41666666666667
r04c19f04p01-sk1fk1fl1.tiff,-2.0479698,2.1851966,D,19,04,D19,Latrunculin B,0.41666666666667
r04c19f07p01-sk1fk1fl1.tiff,0.07295764,2.496546,D,19,07,D19,Latrunculin B,0.41666666666667
r04c20f01p01-sk1fk1fl1.tiff,-1.3153787,1.430037,D,20,01,D20,Latrunculin B,0.16666666666667
r04c20f04p01-sk1fk1fl1.tiff,-0.11518883,2.4655647,D,20,04,D20,Latrunculin B,0.16666666666667
r04c20f07p01-sk1fk1fl1.tiff,-1.0444258,2.238795,D,20,07,D20,Latrunculin B,0.16666666666667
r04c21f01p01-sk1fk1fl1.tiff,0.770659,3.197443,D,21,01,D21,Latrunculin B,0.083333333333333
r04c21f04p01-sk1fk1fl1.tiff,0.10546695,2.7699823,D,21,04,D21,Latrunculin B,0.083333333333333
r04c21f07p01-sk1fk1fl1.tiff,-0.86442935,3.411387,D,21,07,D21,Latrunculin B,0.083333333333333
r04c22f01p01-sk1fk1fl1.tiff,-0.36611077,-0.27703264,D,22,01,D22,Latrunculin B,0.041666666666667
r04c22f04p01-sk1fk1fl1.tiff,-1.2539703,2.2131784,D,22,04,D22,Latrunculin B,0.041666666666667
r04c22f07p01-sk1fk1fl1.tiff,-1.0580093,3.1836936,D,22,07,D22,Latrunculin B,0.041666666666667
r04c23f01p01-sk1fk1fl1.tiff,0.73078984,2.5852108,D,23,01,D23,DMSO,
r04c23f04p01-sk1fk1fl1.tiff,-0.36304894,-0.2076645,D,23,04,D23,DMSO,
r04c23f07p01-sk1fk1fl1.tiff,-0.41691813,1.375772,D,23,07,D23,DMSO,
r04c24f01p01-sk1fk1fl1.tiff,-1.0363642,3.1050174,D,24,01,D24,DMSO,
r04c24f04p01-sk1fk1fl1.tiff,-0.418358,3.745805,D,24,04,D24,DMSO,
r04c24f07p01-sk1fk1fl1.tiff,-2.4884167,2.3795848,D,24,07,D24,DMSO,
r05c01f01p01-sk1fk1fl1.tiff,2.151531,4.850086,E,01,01,E01,Nocodazole,50.0
r05c01f04p01-sk1fk1fl1.tiff,-0.11643766,-0.027802503,E,01,04,E01,Nocodazole,50.0
r05c01f07p01-sk1fk1fl1.tiff,-2.2333543,3.299294,E,01,07,E01,Nocodazole,50.0
r05c02f01p01-sk1fk1fl1.tiff,-2.065562,4.1102834,E,02,01,E02,Nocodazole,25.0
r05c02f04p01-sk1fk1fl1.tiff,1.969312,3.0962563,E,02,04,E02,Nocodazole,25.0
r05c02f07p01-sk1fk1fl1.tiff,-0.6615175,9.693737,E,02,07,E02,Nocodazole,25.0
r05c03f01p01-sk1fk1fl1.tiff,0.26613894,0.33727214,E,03,01,E03,Nocodazole,12.5
r05c03f04p01-sk1fk1fl1.tiff,-0.5972904,3.6108034,E,03,04,E03,Nocodazole,12.5
r05c03f07p01-sk1fk1fl1.tiff,-2.2358205,3.7882445,E,03,07,E03,Nocodazole,12.5
r05c04f01p01-sk1fk1fl1.tiff,-0.25053552,1.9872718,E,04,01,E04,Nocodazole,6.25
r05c04f04p01-sk1fk1fl1.tiff,-0.15503952,4.4184017,E,04,04,E04,Nocodazole,6.25
r05c04f07p01-sk1fk1fl1.tiff,-1.8886458,2.5206754,E,04,07,E04,Nocodazole,6.25
r05c05f01p01-sk1fk1fl1.tiff,-2.1868122,3.438718,E,05,01,E05,Nocodazole,3.1666666666667
r05c05f04p01-sk1fk1fl1.tiff,2.0237877,2.4533203,E,05,04,E05,Nocodazole,3.1666666666667
r05c05f07p01-sk1fk1fl1.tiff,2.504383,2.64184,E,05,07,E05,Nocodazole,3.1666666666667
r05c06f01p01-sk1fk1fl1.tiff,2.3759742,2.202512,E,06,01,E06,Nocodazole,1.5833333333333
r05c06f04p01-sk1fk1fl1.tiff,2.4098725,2.927195,E,06,04,E06,Nocodazole,1.5833333333333
r05c06f07p01-sk1fk1fl1.tiff,1.7280482,0.87799317,E,06,07,E06,Nocodazole,1.5833333333333
r05c07f01p01-sk1fk1fl1.tiff,0.9929745,4.5392885,E,07,01,E07,Nocodazole,0.75
r05c07f04p01-sk1fk1fl1.tiff,0.8052383,4.4754996,E,07,04,E07,Nocodazole,0.75
r05c07f07p01-sk1fk1fl1.tiff,2.1167626,1.8235477,E,07,07,E07,Nocodazole,0.75
r05c08f01p01-sk1fk1fl1.tiff,-0.19328228,5.513542,E,08,01,E08,Nocodazole,0.41666666666667
r05c08f04p01-sk1fk1fl1.tiff,1.1555411,3.483088,E,08,04,E08,Nocodazole,0.41666666666667
r05c08f07p01-sk1fk1fl1.tiff,1.5735832,0.5415049,E,08,07,E08,Nocodazole,0.41666666666667
r05c09f01p01-sk1fk1fl1.tiff,0.4835594,3.2523992,E,09,01,E09,Nocodazole,0.16666666666667
r05c09f04p01-sk1fk1fl1.tiff,1.4100093,1.4471276,E,09,04,E09,Nocodazole,0.16666666666667
r05c09f07p01-sk1fk1fl1.tiff,1.5067341,1.2633477,E,09,07,E09,Nocodazole,0.16666666666667
r05c10f01p01-sk1fk1fl1.tiff,-0.12636769,0.8274173,E,10,01,E10,Nocodazole,0.083333333333333
r05c10f04p01-sk1fk1fl1.tiff,0.9923279,1.5957402,E,10,04,E10,Nocodazole,0.083333333333333
r05c10f07p01-sk1fk1fl1.tiff,0.74213445,0.59133077,E,10,07,E10,Nocodazole,0.083333333333333
r05c11f01p01-sk1fk1fl1.tiff,-1.6763229,2.299781,E,11,01,E11,Nocodazole,0.041666666666667
r05c11f04p01-sk1fk1fl1.tiff,0.9041332,1.7513032,E,11,04,E11,Nocodazole,0.041666666666667
r05c11f07p01-sk1fk1fl1.tiff,1.0623009,1.0967299,E,11,07,E11,Nocodazole,0.041666666666667
r05c12f01p01-sk1fk1fl1.tiff,1.5674978,1.0350987,E,12,01,E12,Nocodazole,50.0
r05c12f04p01-sk1fk1fl1.tiff,-0.13062727,0.6606566,E,12,04,E12,Nocodazole,50.0
r05c12f07p01-sk1fk1fl1.tiff,2.2328038,2.1661584,E,12,07,E12,Nocodazole,50.0
r05c13f01p01-sk1fk1fl1.tiff,0.6228547,3.142637,E,13,01,E13,Nocodazole,25.0
r05c13f04p01-sk1fk1fl1.tiff,-0.9179,5.597181,E,13,04,E13,Nocodazole,25.0
r05c13f07p01-sk1fk1fl1.tiff,1.1409656,0.8501163,E,13,07,E13,Nocodazole,25.0
r05c14f01p01-sk1fk1fl1.tiff,-0.94540066,4.717709,E,14,01,E14,Nocodazole,12.5
r05c14f04p01-sk1fk1fl1.tiff,-0.9162285,2.6505742,E,14,04,E14,Nocodazole,12.5
r05c14f07p01-sk1fk1fl1.tiff,-0.24697684,3.455672,E,14,07,E14,Nocodazole,12.5
r05c15f01p01-sk1fk1fl1.tiff,-0.8445195,5.6704574,E,15,01,E15,Nocodazole,6.25
r05c15f04p01-sk1fk1fl1.tiff,0.34337193,4.7262926,E,15,04,E15,Nocodazole,6.25
r05c15f07p01-sk1fk1fl1.tiff,-1.4696577,3.7747662,E,15,07,E15,Nocodazole,6.25
r05c16f01p01-sk1fk1fl1.tiff,1.5615925,2.528544,E,16,01,E16,Nocodazole,3.1666666666667
r05c16f04p01-sk1fk1fl1.tiff,1.1360066,3.1860592,E,16,04,E16,Nocodazole,3.1666666666667
r05c16f07p01-sk1fk1fl1.tiff,-2.240271,3.4054546,E,16,07,E16,Nocodazole,3.1666666666667
r05c17f01p01-sk1fk1fl1.tiff,1.3000989,1.2249635,E,17,01,E17,Nocodazole,1.5833333333333
r05c17f04p01-sk1fk1fl1.tiff,1.071827,1.1557565,E,17,04,E17,Nocodazole,1.5833333333333
r05c17f07p01-sk1fk1fl1.tiff,0.6408804,4.1146884,E,17,07,E17,Nocodazole,1.5833333333333
r05c18f01p01-sk1fk1fl1.tiff,2.1003206,3.398857,E,18,01,E18,Nocodazole,0.75
r05c18f04p01-sk1fk1fl1.tiff,1.6528221,1.6152964,E,18,04,E18,Nocodazole,0.75
r05c18f07p01-sk1fk1fl1.tiff,-2.295636,3.7209535,E,18,07,E18,Nocodazole,0.75
r05c19f01p01-sk1fk1fl1.tiff,1.7546132,2.412018,E,19,01,E19,Nocodazole,0.41666666666667
r05c19f04p01-sk1fk1fl1.tiff,2.1064157,3.6732635,E,19,04,E19,Nocodazole,0.41666666666667
r05c19f07p01-sk1fk1fl1.tiff,2.0812466,4.8909373,E,19,07,E19,Nocodazole,0.41666666666667
r05c20f01p01-sk1fk1fl1.tiff,0.7741088,4.273266,E,20,01,E20,Nocodazole,0.16666666666667
r05c20f04p01-sk1fk1fl1.tiff,1.5327059,3.155348,E,20,04,E20,Nocodazole,0.16666666666667
r05c20f07p01-sk1fk1fl1.tiff,0.84267384,0.8756096,E,20,07,E20,Nocodazole,0.16666666666667
r05c21f01p01-sk1fk1fl1.tiff,-0.40536237,1.8267789,E,21,01,E21,Nocodazole,0.083333333333333
r05c21f04p01-sk1fk1fl1.tiff,-1.6530399,2.4728005,E,21,04,E21,Nocodazole,0.083333333333333
r05c21f07p01-sk1fk1fl1.tiff,-0.8559133,2.9287689,E,21,07,E21,Nocodazole,0.083333333333333
r05c22f01p01-sk1fk1fl1.tiff,0.31892473,2.06657,E,22,01,E22,Nocodazole,0.041666666666667
r05c22f04p01-sk1fk1fl1.tiff,0.39749122,1.334074,E,22,04,E22,Nocodazole,0.041666666666667
r05c22f07p01-sk1fk1fl1.tiff,-0.3390167,2.1054876,E,22,07,E22,Nocodazole,0.041666666666667
r05c23f01p01-sk1fk1fl1.tiff,0.684219,0.32593077,E,23,01,E23,DMSO,
r05c23f04p01-sk1fk1fl1.tiff,1.5150565,1.0030282,E,23,04,E23,DMSO,
r05c23f07p01-sk1fk1fl1.tiff,-1.1309096,0.7404556,E,23,07,E23,DMSO,
r05c24f01p01-sk1fk1fl1.tiff,-0.064152196,1.9866867,E,24,01,E24,DMSO,
r05c24f04p01-sk1fk1fl1.tiff,1.2949992,2.4478157,E,24,04,E24,DMSO,
r05c24f07p01-sk1fk1fl1.tiff,-1.0274769,5.5292387,E,24,07,E24,DMSO,
r06c01f01p01-sk1fk1fl1.tiff,1.7289265,10.503539,F,01,01,F01,Rapamycin,50.0
r06c01f04p01-sk1fk1fl1.tiff,1.6827369,10.474401,F,01,04,F01,Rapamycin,50.0
r06c01f07p01-sk1fk1fl1.tiff,15.047857,1.7875413,F,01,07,F01,Rapamycin,50.0
r06c02f01p01-sk1fk1fl1.tiff,-1.4245687,4.428354,F,02,01,F02,Rapamycin,25.0
r06c02f04p01-sk1fk1fl1.tiff,-1.5237383,4.561434,F,02,04,F02,Rapamycin,25.0
r06c02f07p01-sk1fk1fl1.tiff,2.0480013,4.928105,F,02,07,F02,Rapamycin,25.0
r06c03f01p01-sk1fk1fl1.tiff,-0.40365058,3.7544296,F,03,01,F03,Rapamycin,12.5
r06c03f04p01-sk1fk1fl1.tiff,-1.0062495,3.0833297,F,03,04,F03,Rapamycin,12.5
r06c03f07p01-sk1fk1fl1.tiff,-1.8891448,3.2060735,F,03,07,F03,Rapamycin,12.5
r06c04f01p01-sk1fk1fl1.tiff,-1.4948472,3.3486633,F,04,01,F04,Rapamycin,6.25
r06c04f04p01-sk1fk1fl1.tiff,0.23279843,5.1793356,F,04,04,F04,Rapamycin,6.25
r06c04f07p01-sk1fk1fl1.tiff,-2.1930103,3.3145993,F,04,07,F04,Rapamycin,6.25
r06c05f01p01-sk1fk1fl1.tiff,-1.2607075,4.311981,F,05,01,F05,Rapamycin,3.1666666666667
r06c05f04p01-sk1fk1fl1.tiff,-0.00919499,4.5311275,F,05,04,F05,Rapamycin,3.1666666666667
r06c05f07p01-sk1fk1fl1.tiff,-0.49679902,5.661515,F,05,07,F05,Rapamycin,3.1666666666667
r06c06f01p01-sk1fk1fl1.tiff,-1.1882076,2.4698038,F,06,01,F06,Rapamycin,1.5833333333333
r06c06f04p01-sk1fk1fl1.tiff,0.5201839,2.4713697,F,06,04,F06,Rapamycin,1.5833333333333
r06c06f07p01-sk1fk1fl1.tiff,0.9174146,0.86202836,F,06,07,F06,Rapamycin,1.5833333333333
r06c07f01p01-sk1fk1fl1.tiff,0.16273397,2.975823,F,07,01,F07,Rapamycin,0.75
r06c07f04p01-sk1fk1fl1.tiff,-0.7363816,5.357139,F,07,04,F07,Rapamycin,0.75
r06c07f07p01-sk1fk1fl1.tiff,0.33555448,2.7796576,F,07,07,F07,Rapamycin,0.75
r06c08f01p01-sk1fk1fl1.tiff,-0.16666406,3.5812898,F,08,01,F08,Rapamycin,0.41666666666667
r06c08f04p01-sk1fk1fl1.tiff,-0.07443863,4.588288,F,08,04,F08,Rapamycin,0.41666666666667
r06c08f07p01-sk1fk1fl1.tiff,-0.11149151,3.3620417,F,08,07,F08,Rapamycin,0.41666666666667
r06c09f01p01-sk1fk1fl1.tiff,-0.23216933,3.8913875,F,09,01,F09,Rapamycin,0.16666666666667
r06c09f04p01-sk1fk1fl1.tiff,-0.4869341,5.485261,F,09,04,F09,Rapamycin,0.16666666666667
r06c09f07p01-sk1fk1fl1.tiff,-2.0784745,1.7120491,F,09,07,F09,Rapamycin,0.16666666666667
r06c10f01p01-sk1fk1fl1.tiff,-0.321156,4.359375,F,10,01,F10,Rapamycin,0.083333333333333
r06c10f04p01-sk1fk1fl1.tiff,-0.078164645,4.5944476,F,10,04,F10,Rapamycin,0.083333333333333
r06c10f07p01-sk1fk1fl1.tiff,-1.7182558,2.4652498,F,10,07,F10,Rapamycin,0.083333333333333
r06c11f01p01-sk1fk1fl1.tiff,-1.0405092,5.3187633,F,11,01,F11,Rapamycin,0.041666666666667
r06c11f04p01-sk1fk1fl1.tiff,-1.1232624,1.8075403,F,11,04,F11,Rapamycin,0.041666666666667
r06c11f07p01-sk1fk1fl1.tiff,0.38597745,2.2841954,F,11,07,F11,Rapamycin,0.041666666666667
r06c12f01p01-sk1fk1fl1.tiff,1.7842195,10.485732,F,12,01,F12,Rapamycin,50.0
r06c12f04p01-sk1fk1fl1.tiff,1.9910429,10.480561,F,12,04,F12,Rapamycin,50.0
r06c12f07p01-sk1fk1fl1.tiff,2.1067421,10.473655,F,12,07,F12,Rapamycin,50.0
r06c13f01p01-sk1fk1fl1.tiff,-0.79866296,5.505511,F,13,01,F13,Rapamycin,25.0
r06c13f04p01-sk1fk1fl1.tiff,-1.117014,3.7893736,F,13,04,F13,Rapamycin,25.0
r06c13f07p01-sk1fk1fl1.tiff,-1.2887795,3.7308667,F,13,07,F13,Rapamycin,25.0
r06c14f01p01-sk1fk1fl1.tiff,-1.959496,2.5656815,F,14,01,F14,Rapamycin,12.5
r06c14f04p01-sk1fk1fl1.tiff,-1.943087,3.5857434,F,14,04,F14,Rapamycin,12.5
r06c14f07p01-sk1fk1fl1.tiff,-0.35414544,5.357314,F,14,07,F14,Rapamycin,12.5
r06c15f01p01-sk1fk1fl1.tiff,-1.8318906,4.004476,F,15,01,F15,Rapamycin,6.25
r06c15f04p01-sk1fk1fl1.tiff,-0.9495386,4.9196124,F,15,04,F15,Rapamycin,6.25
r06c15f07p01-sk1fk1fl1.tiff,0.26082602,4.1313963,F,15,07,F15,Rapamycin,6.25
r06c16f01p01-sk1fk1fl1.tiff,-0.13613385,2.9554992,F,16,01,F16,Rapamycin,3.1666666666667
r06c16f04p01-sk1fk1fl1.tiff,0.9345833,4.2941937,F,16,04,F16,Rapamycin,3.1666666666667
r06c16f07p01-sk1fk1fl1.tiff,0.4566143,5.494131,F,16,07,F16,Rapamycin,3.1666666666667
r06c17f01p01-sk1fk1fl1.tiff,-0.75794464,3.7159777,F,17,01,F17,Rapamycin,1.5833333333333
r06c17f04p01-sk1fk1fl1.tiff,-0.14976436,4.6678915,F,17,04,F17,Rapamycin,1.5833333333333
r06c17f07p01-sk1fk1fl1.tiff,-0.6644321,5.7517624,F,17,07,F17,Rapamycin,1.5833333333333
r06c18f01p01-sk1fk1fl1.tiff,-0.67419434,4.2185707,F,18,01,F18,Rapamycin,0.75
r06c18f04p01-sk1fk1fl1.tiff,-0.22781171,4.4346414,F,18,04,F18,Rapamycin,0.75
r06c18f07p01-sk1fk1fl1.tiff,-2.1030219,3.435059,F,18,07,F18,Rapamycin,0.75
r06c19f01p01-sk1fk1fl1.tiff,-0.27815259,3.0033703,F,19,01,F19,Rapamycin,0.41666666666667
r06c19f04p01-sk1fk1fl1.tiff,-2.0383217,2.8397906,F,19,04,F19,Rapamycin,0.41666666666667
r06c19f07p01-sk1fk1fl1.tiff,-1.3765744,3.8131168,F,19,07,F19,Rapamycin,0.41666666666667
r06c20f01p01-sk1fk1fl1.tiff,-0.8338006,5.612775,F,20,01,F20,Rapamycin,0.16666666666667
r06c20f04p01-sk1fk1fl1.tiff,0.24195991,2.1266317,F,20,04,F20,Rapamycin,0.16666666666667
r06c20f07p01-sk1fk1fl1.tiff,-0.77607536,5.15146,F,20,07,F20,Rapamycin,0.16666666666667
r06c21f01p01-sk1fk1fl1.tiff,0.046763036,4.568451,F,21,01,F21,Rapamycin,0.083333333333333
r06c21f04p01-sk1fk1fl1.tiff,0.0924123,4.554016,F,21,04,F21,Rapamycin,0.083333333333333
r06c21f07p01-sk1fk1fl1.tiff,-0.8678608,3.413933,F,21,07,F21,Rapamycin,0.083333333333333
r06c22f01p01-sk1fk1fl1.tiff,-1.8396777,3.0836763,F,22,01,F22,Rapamycin,0.041666666666667
r06c22f04p01-sk1fk1fl1.tiff,-0.7321953,5.547855,F,22,04,F22,Rapamycin,0.041666666666667
r06c22f07p01-sk1fk1fl1.tiff,-1.6359557,4.404439,F,22,07,F22,Rapamycin,0.041666666666667
r06c23f01p01-sk1fk1fl1.tiff,-1.2414627,0.9536013,F,23,01,F23,DMSO,
r06c23f04p01-sk1fk1fl1.tiff,-1.8283782,1.2607073,F,23,04,F23,DMSO,
r06c23f07p01-sk1fk1fl1.tiff,1.349821,1.0535969,F,23,07,F23,DMSO,
r06c24f01p01-sk1fk1fl1.tiff,-0.32103395,2.469551,F,24,01,F24,DMSO,
r06c24f04p01-sk1fk1fl1.tiff,0.48356414,2.2043312,F,24,04,F24,DMSO,
r06c24f07p01-sk1fk1fl1.tiff,0.57463497,0.554663,F,24,07,F24,DMSO,
r07c01f01p01-sk1fk1fl1.tiff,1.8729178,10.481393,G,01,01,G01,Rotenone,50.0
r07c01f04p01-sk1fk1fl1.tiff,2.40557,3.0177724,G,01,04,G01,Rotenone,50.0
r07c01f07p01-sk1fk1fl1.tiff,1.9602549,10.489699,G,01,07,G01,Rotenone,50.0
r07c02f01p01-sk1fk1fl1.tiff,0.6565801,9.516794,G,02,01,G02,Rotenone,25.0
r07c02f04p01-sk1fk1fl1.tiff,2.4267337,4.2074265,G,02,04,G02,Rotenone,25.0
r07c02f07p01-sk1fk1fl1.tiff,2.4061613,3.024955,G,02,07,G02,Rotenone,25.0
r07c03f01p01-sk1fk1fl1.tiff,2.0745723,2.7022738,G,03,01,G03,Rotenone,12.5
r07c03f04p01-sk1fk1fl1.tiff,2.1140242,4.8661313,G,03,04,G03,Rotenone,12.5
r07c03f07p01-sk1fk1fl1.tiff,2.319202,4.552688,G,03,07,G03,Rotenone,12.5
r07c04f01p01-sk1fk1fl1.tiff,1.4104447,3.7195969,G,04,01,G04,Rotenone,6.25
r07c04f04p01-sk1fk1fl1.tiff,2.057198,1.8205665,G,04,04,G04,Rotenone,6.25
r07c04f07p01-sk1fk1fl1.tiff,2.3209395,4.2772717,G,04,07,G04,Rotenone,6.25
r07c05f01p01-sk1fk1fl1.tiff,0.6036098,2.0643904,G,05,01,G05,Rotenone,3.1666666666667
r07c05f04p01-sk1fk1fl1.tiff,1.0583899,2.6666656,G,05,04,G05,Rotenone,3.1666666666667
r07c05f07p01-sk1fk1fl1.tiff,2.1560788,2.317698,G,05,07,G05,Rotenone,3.1666666666667
r07c06f01p01-sk1fk1fl1.tiff,-1.0586158,4.321149,G,06,01,G06,Rotenone,1.5833333333333
r07c06f04p01-sk1fk1fl1.tiff,1.6807269,3.81434,G,06,04,G06,Rotenone,1.5833333333333
r07c06f07p01-sk1fk1fl1.tiff,2.1479433,3.5877998,G,06,07,G06,Rotenone,1.5833333333333
r07c07f01p01-sk1fk1fl1.tiff,1.4229351,2.0593388,G,07,01,G07,Rotenone,0.75
r07c07f04p01-sk1fk1fl1.tiff,1.251409,2.5327091,G,07,04,G07,Rotenone,0.75
r07c07f07p01-sk1fk1fl1.tiff,1.3029945,3.6419086,G,07,07,G07,Rotenone,0.75
r07c08f01p01-sk1fk1fl1.tiff,0.8770563,2.5699618,G,08,01,G08,Rotenone,0.41666666666667
r07c08f04p01-sk1fk1fl1.tiff,1.1157451,3.8990483,G,08,04,G08,Rotenone,0.41666666666667
r07c08f07p01-sk1fk1fl1.tiff,1.6543154,3.9228108,G,08,07,G08,Rotenone,0.41666666666667
r07c09f01p01-sk1fk1fl1.tiff,1.2922136,3.7106576,G,09,01,G09,Rotenone,0.16666666666667
r07c09f04p01-sk1fk1fl1.tiff,1.8356653,1.7977515,G,09,04,G09,Rotenone,0.16666666666667
r07c09f07p01-sk1fk1fl1.tiff,-1.4602993,2.6954818,G,09,07,G09,Rotenone,0.16666666666667
r07c10f01p01-sk1fk1fl1.tiff,0.34023046,4.195231,G,10,01,G10,Rotenone,0.083333333333333
r07c10f04p01-sk1fk1fl1.tiff,0.6399985,1.7729026,G,10,04,G10,Rotenone,0.083333333333333
r07c10f07p01-sk1fk1fl1.tiff,-0.71568984,2.1902976,G,10,07,G10,Rotenone,0.083333333333333
r07c11f01p01-sk1fk1fl1.tiff,2.1921475,2.1472979,G,11,01,G11,Rotenone,0.041666666666667
r07c11f04p01-sk1fk1fl1.tiff,1.2388666,3.3177395,G,11,04,G11,Rotenone,0.041666666666667
r07c11f07p01-sk1fk1fl1.tiff,2.1201227,2.0145283,G,11,07,G11,Rotenone,0.041666666666667
r07c12f01p01-sk1fk1fl1.tiff,2.2679992,4.3180714,G,12,01,G12,Rotenone,50.0
r07c12f04p01-sk1fk1fl1.tiff,2.6140773,4.0401163,G,12,04,G12,Rotenone,50.0
r07c12f07p01-sk1fk1fl1.tiff,2.4306386,4.3241453,G,12,07,G12,Rotenone,50.0
r07c13f01p01-sk1fk1fl1.tiff,2.145471,4.559005,G,13,01,G13,Rotenone,25.0
r07c13f04p01-sk1fk1fl1.tiff,0.124258466,8.99853,G,13,04,G13,Rotenone,25.0
r07c13f07p01-sk1fk1fl1.tiff,2.365177,4.2847395,G,13,07,G13,Rotenone,25.0
r07c14f01p01-sk1fk1fl1.tiff,1.9096295,1.6735114,G,14,01,G14,Rotenone,12.5
r07c14f04p01-sk1fk1fl1.tiff,1.9516786,4.3201895,G,14,04,G14,Rotenone,12.5
r07c14f07p01-sk1fk1fl1.tiff,2.1459596,3.8990154,G,14,07,G14,Rotenone,12.5
r07c15f01p01-sk1fk1fl1.tiff,1.5708805,3.2740352,G,15,01,G15,Rotenone,6.25
r07c15f04p01-sk1fk1fl1.tiff,1.3796844,4.273809,G,15,04,G15,Rotenone,6.25
r07c15f07p01-sk1fk1fl1.tiff,0.5083271,5.5389104,G,15,07,G15,Rotenone,6.25
r07c16f01p01-sk1fk1fl1.tiff,1.2526808,3.9004128,G,16,01,G16,Rotenone,3.1666666666667
r07c16f04p01-sk1fk1fl1.tiff,1.4037224,1.9622259,G,16,04,G16,Rotenone,3.1666666666667
r07c16f07p01-sk1fk1fl1.tiff,1.333422,1.6987273,G,16,07,G16,Rotenone,3.1666666666667
r07c17f01p01-sk1fk1fl1.tiff,0.6087097,3.960644,G,17,01,G17,Rotenone,1.5833333333333
r07c17f04p01-sk1fk1fl1.tiff,0.32055715,4.569956,G,17,04,G17,Rotenone,1.5833333333333
r07c17f07p01-sk1fk1fl1.tiff,2.2090192,3.794402,G,17,07,G17,Rotenone,1.5833333333333
r07c18f01p01-sk1fk1fl1.tiff,1.7820041,2.489395,G,18,01,G18,Rotenone,0.75
r07c18f04p01-sk1fk1fl1.tiff,2.2201624,4.0094447,G,18,04,G18,Rotenone,0.75
r07c18f07p01-sk1fk1fl1.tiff,0.6792778,5.6967688,G,18,07,G18,Rotenone,0.75
r07c19f01p01-sk1fk1fl1.tiff,-0.37364316,4.5063906,G,19,01,G19,Rotenone,0.41666666666667
r07c19f04p01-sk1fk1fl1.tiff,2.0135953,2.0421324,G,19,04,G19,Rotenone,0.41666666666667
r07c19f07p01-sk1fk1fl1.tiff,2.1348195,2.0845966,G,19,07,G19,Rotenone,0.41666666666667
r07c20f01p01-sk1fk1fl1.tiff,0.44281712,1.2756367,G,20,01,G20,Rotenone,0.16666666666667
r07c20f04p01-sk1fk1fl1.tiff,0.11688813,4.314116,G,20,04,G20,Rotenone,0.16666666666667
r07c20f07p01-sk1fk1fl1.tiff,-0.7911297,3.1889427,G,20,07,G20,Rotenone,0.16666666666667
r07c21f01p01-sk1fk1fl1.tiff,0.13665767,2.4720142,G,21,01,G21,Rotenone,0.083333333333333
r07c21f04p01-sk1fk1fl1.tiff,-1.466837,4.2234783,G,21,04,G21,Rotenone,0.083333333333333
r07c21f07p01-sk1fk1fl1.tiff,-1.031674,2.2500408,G,21,07,G21,Rotenone,0.083333333333333
r07c22f01p01-sk1fk1fl1.tiff,-1.9491286,1.5249364,G,22,01,G22,Rotenone,0.041666666666667
r07c22f04p01-sk1fk1fl1.tiff,-0.13663284,3.3319352,G,22,04,G22,Rotenone,0.041666666666667
r07c22f07p01-sk1fk1fl1.tiff,0.75807667,4.359702,G,22,07,G22,Rotenone,0.041666666666667
r07c23f01p01-sk1fk1fl1.tiff,-1.0058506,1.9674581,G,23,01,G23,DMSO,
r07c23f04p01-sk1fk1fl1.tiff,0.58169466,0.5271229,G,23,04,G23,DMSO,
r07c23f07p01-sk1fk1fl1.tiff,-0.32850865,3.1972516,G,23,07,G23,DMSO,
r07c24f01p01-sk1fk1fl1.tiff,-0.01941449,3.820059,G,24,01,G24,DMSO,
r07c24f04p01-sk1fk1fl1.tiff,-1.0943621,4.285692,G,24,04,G24,DMSO,
r07c24f07p01-sk1fk1fl1.tiff,-2.2390633,1.7459431,G,24,07,G24,DMSO,
r08c01f01p01-sk1fk1fl1.tiff,14.161379,1.4961548,H,01,01,H01,Tetrandrine,50.0
r08c01f04p01-sk1fk1fl1.tiff,14.314772,1.7098273,H,01,04,H01,Tetrandrine,50.0
r08c01f07p01-sk1fk1fl1.tiff,14.246986,1.5175546,H,01,07,H01,Tetrandrine,50.0
r08c02f01p01-sk1fk1fl1.tiff,14.623659,1.6165004,H,02,01,H02,Tetrandrine,25.0
r08c02f04p01-sk1fk1fl1.tiff,14.273711,1.6158961,H,02,04,H02,Tetrandrine,25.0
r08c02f07p01-sk1fk1fl1.tiff,14.242394,1.2354611,H,02,07,H02,Tetrandrine,25.0
r08c03f01p01-sk1fk1fl1.tiff,0.9076386,10.269999,H,03,01,H03,Tetrandrine,12.5
r08c03f04p01-sk1fk1fl1.tiff,1.3314505,10.376208,H,03,04,H03,Tetrandrine,12.5
r08c03f07p01-sk1fk1fl1.tiff,2.1307719,10.425372,H,03,07,H03,Tetrandrine,12.5
r08c04f01p01-sk1fk1fl1.tiff,2.3697045,4.1119657,H,04,01,H04,Tetrandrine,6.25
r08c04f04p01-sk1fk1fl1.tiff,1.1604991,4.28,H,04,04,H04,Tetrandrine,6.25
r08c04f07p01-sk1fk1fl1.tiff,1.4738526,4.1761985,H,04,07,H04,Tetrandrine,6.25
r08c05f01p01-sk1fk1fl1.tiff,-1.5246235,2.7594054,H,05,01,H05,Tetrandrine,3.1666666666667
r08c05f04p01-sk1fk1fl1.tiff,1.3867371,2.6864023,H,05,04,H05,Tetrandrine,3.1666666666667
r08c05f07p01-sk1fk1fl1.tiff,1.5799074,1.6099554,H,05,07,H05,Tetrandrine,3.1666666666667
r08c06f01p01-sk1fk1fl1.tiff,1.2208039,0.5462246,H,06,01,H06,Tetrandrine,1.5833333333333
r08c06f04p01-sk1fk1fl1.tiff,1.2978778,1.7247733,H,06,04,H06,Tetrandrine,1.5833333333333
r08c06f07p01-sk1fk1fl1.tiff,1.4326915,0.4164575,H,06,07,H06,Tetrandrine,1.5833333333333
r08c07f01p01-sk1fk1fl1.tiff,-0.7687767,1.2411662,H,07,01,H07,Tetrandrine,0.75
r08c07f04p01-sk1fk1fl1.tiff,0.58051205,4.5166135,H,07,04,H07,Tetrandrine,0.75
r08c07f07p01-sk1fk1fl1.tiff,1.6012379,2.151786,H,07,07,H07,Tetrandrine,0.75
r08c08f01p01-sk1fk1fl1.tiff,1.2236539,0.53783154,H,08,01,H08,Tetrandrine,0.41666666666667
r08c08f04p01-sk1fk1fl1.tiff,-0.09285511,1.1605017,H,08,04,H08,Tetrandrine,0.41666666666667
r08c08f07p01-sk1fk1fl1.tiff,0.5705555,1.5424707,H,08,07,H08,Tetrandrine,0.41666666666667
r08c09f01p01-sk1fk1fl1.tiff,-0.5234812,1.9067457,H,09,01,H09,Tetrandrine,0.16666666666667
r08c09f04p01-sk1fk1fl1.tiff,1.7654613,1.9098547,H,09,04,H09,Tetrandrine,0.16666666666667
r08c09f07p01-sk1fk1fl1.tiff,0.6157154,4.1788707,H,09,07,H09,Tetrandrine,0.16666666666667
r08c10f01p01-sk1fk1fl1.tiff,0.25397867,2.2006764,H,10,01,H10,Tetrandrine,0.083333333333333
r08c10f04p01-sk1fk1fl1.tiff,-1.9772319,1.8744524,H,10,04,H10,Tetrandrine,0.083333333333333
r08c10f07p01-sk1fk1fl1.tiff,-0.4265651,0.8617468,H,10,07,H10,Tetrandrine,0.083333333333333
r08c11f01p01-sk1fk1fl1.tiff,-0.81180286,2.328697,H,11,01,H11,Tetrandrine,0.041666666666667
r08c11f04p01-sk1fk1fl1.tiff,0.74028635,4.2595663,H,11,04,H11,Tetrandrine,0.041666666666667
r08c11f07p01-sk1fk1fl1.tiff,-0.032978114,1.5059104,H,11,07,H11,Tetrandrine,0.041666666666667
r08c12f01p01-sk1fk1fl1.tiff,14.287111,1.2383897,H,12,01,H12,Tetrandrine,50.0
r08c12f04p01-sk1fk1fl1.tiff,14.665105,1.6476771,H,12,04,H12,Tetrandrine,50.0
r08c12f07p01-sk1fk1fl1.tiff,14.213837,1.5302534,H,12,07,H12,Tetrandrine,50.0
r08c13f01p01-sk1fk1fl1.tiff,14.605543,1.5997958,H,13,01,H13,Tetrandrine,25.0
r08c13f04p01-sk1fk1fl1.tiff,14.680913,1.6703794,H,13,04,H13,Tetrandrine,25.0
r08c13f07p01-sk1fk1fl1.tiff,14.28488,1.5962913,H,13,07,H13,Tetrandrine,25.0
r08c14f01p01-sk1fk1fl1.tiff,1.5157889,10.367103,H,14,01,H14,Tetrandrine,12.5
r08c14f04p01-sk1fk1fl1.tiff,1.4334071,10.428706,H,14,04,H14,Tetrandrine,12.5
r08c14f07p01-sk1fk1fl1.tiff,1.288304,10.304363,H,14,07,H14,Tetrandrine,12.5
r08c15f01p01-sk1fk1fl1.tiff,1.874165,4.0721097,H,15,01,H15,Tetrandrine,6.25
r08c15f04p01-sk1fk1fl1.tiff,2.0551481,4.1722116,H,15,04,H15,Tetrandrine,6.25
r08c15f07p01-sk1fk1fl1.tiff,2.1938598,4.430419,H,15,07,H15,Tetrandrine,6.25
r08c16f01p01-sk1fk1fl1.tiff,1.3788992,1.6030136,H,16,01,H16,Tetrandrine,3.1666666666667
r08c16f04p01-sk1fk1fl1.tiff,1.494258,2.2312107,H,16,04,H16,Tetrandrine,3.1666666666667
r08c16f07p01-sk1fk1fl1.tiff,1.894856,2.520803,H,16,07,H16,Tetrandrine,3.1666666666667
r08c17f01p01-sk1fk1fl1.tiff,-0.7848928,2.3244848,H,17,01,H17,Tetrandrine,1.5833333333333
r08c17f04p01-sk1fk1fl1.tiff,0.7463827,2.3256862,H,17,04,H17,Tetrandrine,1.5833333333333
r08c17f07p01-sk1fk1fl1.tiff,1.1431786,0.47038653,H,17,07,H17,Tetrandrine,1.5833333333333
r08c18f01p01-sk1fk1fl1.tiff,0.3991173,1.3143222,H,18,01,H18,Tetrandrine,0.75
r08c18f04p01-sk1fk1fl1.tiff,0.8109453,2.5531976,H,18,04,H18,Tetrandrine,0.75
r08c18f07p01-sk1fk1fl1.tiff,1.6352181,0.5761736,H,18,07,H18,Tetrandrine,0.75
r08c19f01p01-sk1fk1fl1.tiff,-2.2280123,2.8758245,H,19,01,H19,Tetrandrine,0.41666666666667
r08c19f04p01-sk1fk1fl1.tiff,-0.3934538,2.5451283,H,19,04,H19,Tetrandrine,0.41666666666667
r08c19f07p01-sk1fk1fl1.tiff,0.81895286,0.6505921,H,19,07,H19,Tetrandrine,0.41666666666667
r08c20f01p01-sk1fk1fl1.tiff,0.95795864,2.6783574,H,20,01,H20,Tetrandrine,0.16666666666667
r08c20f04p01-sk1fk1fl1.tiff,1.18169,0.49441016,H,20,04,H20,Tetrandrine,0.16666666666667
r08c20f07p01-sk1fk1fl1.tiff,-1.2811667,0.96062064,H,20,07,H20,Tetrandrine,0.16666666666667
r08c21f01p01-sk1fk1fl1.tiff,1.5690626,0.4721037,H,21,01,H21,Tetrandrine,0.083333333333333
r08c21f04p01-sk1fk1fl1.tiff,0.47393486,1.5038564,H,21,04,H21,Tetrandrine,0.083333333333333
r08c21f07p01-sk1fk1fl1.tiff,0.7230709,3.9249907,H,21,07,H21,Tetrandrine,0.083333333333333
r08c22f01p01-sk1fk1fl1.tiff,-0.31384265,-0.19972514,H,22,01,H22,Tetrandrine,0.041666666666667
r08c22f04p01-sk1fk1fl1.tiff,-1.9991301,2.103178,H,22,04,H22,Tetrandrine,0.041666666666667
r08c22f07p01-sk1fk1fl1.tiff,-0.650105,1.2883612,H,22,07,H22,Tetrandrine,0.041666666666667
r08c23f01p01-sk1fk1fl1.tiff,-0.51393247,1.5483712,H,23,01,H23,DMSO,
r08c23f04p01-sk1fk1fl1.tiff,-2.2286813,2.1921914,H,23,04,H23,DMSO,
r08c23f07p01-sk1fk1fl1.tiff,-0.51848483,3.5037928,H,23,07,H23,DMSO,
r08c24f01p01-sk1fk1fl1.tiff,0.096985325,2.2543368,H,24,01,H24,DMSO,
r08c24f04p01-sk1fk1fl1.tiff,-0.8590118,1.3334167,H,24,04,H24,DMSO,
r08c24f07p01-sk1fk1fl1.tiff,-1.850592,2.4350765,H,24,07,H24,DMSO,
r09c01f01p01-sk1fk1fl1.tiff,-0.77098364,9.673616,I,01,01,I01,Berberine Chloride,50.0
r09c01f04p01-sk1fk1fl1.tiff,-0.2594318,-0.23809394,I,01,04,I01,Berberine Chloride,50.0
r09c01f07p01-sk1fk1fl1.tiff,2.1575468,3.2029955,I,01,07,I01,Berberine Chloride,50.0
r09c02f01p01-sk1fk1fl1.tiff,-2.2618427,3.5039933,I,02,01,I02,Berberine Chloride,25.0
r09c02f04p01-sk1fk1fl1.tiff,-0.090028055,-0.15070146,I,02,04,I02,Berberine Chloride,25.0
r09c02f07p01-sk1fk1fl1.tiff,0.3154037,0.8485139,I,02,07,I02,Berberine Chloride,25.0
r09c03f01p01-sk1fk1fl1.tiff,1.5305945,0.60555375,I,03,01,I03,Berberine Chloride,12.5
r09c03f04p01-sk1fk1fl1.tiff,1.5276227,2.0252566,I,03,04,I03,Berberine Chloride,12.5
r09c03f07p01-sk1fk1fl1.tiff,-0.053240046,-0.14860387,I,03,07,I03,Berberine Chloride,12.5
r09c04f01p01-sk1fk1fl1.tiff,-0.34098926,0.4672447,I,04,01,I04,Berberine Chloride,6.25
r09c04f04p01-sk1fk1fl1.tiff,0.40755537,3.4090705,I,04,04,I04,Berberine Chloride,6.25
r09c04f07p01-sk1fk1fl1.tiff,2.0520923,3.5383992,I,04,07,I04,Berberine Chloride,6.25
r09c05f01p01-sk1fk1fl1.tiff,0.7773796,1.931637,I,05,01,I05,Berberine Chloride,3.1666666666667
r09c05f04p01-sk1fk1fl1.tiff,-2.0089567,1.6693158,I,05,04,I05,Berberine Chloride,3.1666666666667
r09c05f07p01-sk1fk1fl1.tiff,0.055682354,1.3435891,I,05,07,I05,Berberine Chloride,3.1666666666667
r09c06f01p01-sk1fk1fl1.tiff,-0.49270618,-0.26641142,I,06,01,I06,Berberine Chloride,1.5833333333333
r09c06f04p01-sk1fk1fl1.tiff,0.12095668,3.280322,I,06,04,I06,Berberine Chloride,1.5833333333333
r09c06f07p01-sk1fk1fl1.tiff,0.7399859,3.2538986,I,06,07,I06,Berberine Chloride,1.5833333333333
r09c07f01p01-sk1fk1fl1.tiff,-1.7554258,1.6188759,I,07,01,I07,Berberine Chloride,0.75
r09c07f04p01-sk1fk1fl1.tiff,0.23594284,1.9779499,I,07,04,I07,Berberine Chloride,0.75
r09c07f07p01-sk1fk1fl1.tiff,1.4753797,0.8926939,I,07,07,I07,Berberine Chloride,0.75
r09c08f01p01-sk1fk1fl1.tiff,-0.21376671,2.495204,I,08,01,I08,Berberine Chloride,0.41666666666667
r09c08f04p01-sk1fk1fl1.tiff,0.93336755,2.1820905,I,08,04,I08,Berberine Chloride,0.41666666666667
r09c08f07p01-sk1fk1fl1.tiff,0.04309413,0.64001775,I,08,07,I08,Berberine Chloride,0.41666666666667
r09c09f01p01-sk1fk1fl1.tiff,0.89654875,0.3967639,I,09,01,I09,Berberine Chloride,0.16666666666667
r09c09f04p01-sk1fk1fl1.tiff,-1.3310139,1.7547739,I,09,04,I09,Berberine Chloride,0.16666666666667
r09c09f07p01-sk1fk1fl1.tiff,1.5205665,0.92633843,I,09,07,I09,Berberine Chloride,0.16666666666667
r09c10f01p01-sk1fk1fl1.tiff,-0.27797812,0.8257694,I,10,01,I10,Berberine Chloride,0.083333333333333
r09c10f04p01-sk1fk1fl1.tiff,0.0764603,-0.13826704,I,10,04,I10,Berberine Chloride,0.083333333333333
r09c10f07p01-sk1fk1fl1.tiff,1.4568799,2.2509813,I,10,07,I10,Berberine Chloride,0.083333333333333
r09c11f01p01-sk1fk1fl1.tiff,1.488252,0.7149756,I,11,01,I11,Berberine Chloride,0.041666666666667
r09c11f04p01-sk1fk1fl1.tiff,1.1692073,2.9675252,I,11,04,I11,Berberine Chloride,0.041666666666667
r09c11f07p01-sk1fk1fl1.tiff,0.04405145,2.9530952,I,11,07,I11,Berberine Chloride,0.041666666666667
r09c12f01p01-sk1fk1fl1.tiff,-0.3282274,-0.3401811,I,12,01,I12,Berberine Chloride,50.0
r09c12f04p01-sk1fk1fl1.tiff,-2.0199225,2.6847422,I,12,04,I12,Berberine Chloride,50.0
r09c12f07p01-sk1fk1fl1.tiff,1.2241297,2.6468186,I,12,07,I12,Berberine Chloride,50.0
r09c13f01p01-sk1fk1fl1.tiff,0.8907303,1.7797489,I,13,01,I13,Berberine Chloride,25.0
r09c13f04p01-sk1fk1fl1.tiff,0.7045637,1.3063778,I,13,04,I13,Berberine Chloride,25.0
r09c13f07p01-sk1fk1fl1.tiff,-0.76284564,5.3916626,I,13,07,I13,Berberine Chloride,25.0
r09c14f01p01-sk1fk1fl1.tiff,-0.0805288,3.2937915,I,14,01,I14,Berberine Chloride,12.5
r09c14f04p01-sk1fk1fl1.tiff,-1.2858002,1.0247716,I,14,04,I14,Berberine Chloride,12.5
r09c14f07p01-sk1fk1fl1.tiff,-1.1565924,1.6714759,I,14,07,I14,Berberine Chloride,12.5
r09c15f01p01-sk1fk1fl1.tiff,-0.6718759,0.95547855,I,15,01,I15,Berberine Chloride,6.25
r09c15f04p01-sk1fk1fl1.tiff,0.35178167,2.446646,I,15,04,I15,Berberine Chloride,6.25
r09c15f07p01-sk1fk1fl1.tiff,0.67616,1.765165,I,15,07,I15,Berberine Chloride,6.25
r09c16f01p01-sk1fk1fl1.tiff,0.38921613,2.8055246,I,16,01,I16,Berberine Chloride,3.1666666666667
r09c16f04p01-sk1fk1fl1.tiff,0.084996276,2.0033457,I,16,04,I16,Berberine Chloride,3.1666666666667
r09c16f07p01-sk1fk1fl1.tiff,-0.31976867,0.6095815,I,16,07,I16,Berberine Chloride,3.1666666666667
r09c17f01p01-sk1fk1fl1.tiff,1.0667071,2.0578706,I,17,01,I17,Berberine Chloride,1.5833333333333
r09c17f04p01-sk1fk1fl1.tiff,0.7319366,4.263112,I,17,04,I17,Berberine Chloride,1.5833333333333
r09c17f07p01-sk1fk1fl1.tiff,-1.0863926,0.6696489,I,17,07,I17,Berberine Chloride,1.5833333333333
r09c18f01p01-sk1fk1fl1.tiff,0.37999454,3.5487492,I,18,01,I18,Berberine Chloride,0.75
r09c18f04p01-sk1fk1fl1.tiff,-2.0050688,1.4072729,I,18,04,I18,Berberine Chloride,0.75
r09c18f07p01-sk1fk1fl1.tiff,-1.1460372,1.7600659,I,18,07,I18,Berberine Chloride,0.75
r09c19f01p01-sk1fk1fl1.tiff,-0.9410583,2.445328,I,19,01,I19,Berberine Chloride,0.41666666666667
r09c19f04p01-sk1fk1fl1.tiff,0.22597268,1.7194408,I,19,04,I19,Berberine Chloride,0.41666666666667
r09c19f07p01-sk1fk1fl1.tiff,-1.4864588,0.9395133,I,19,07,I19,Berberine Chloride,0.41666666666667
r09c20f01p01-sk1fk1fl1.tiff,-1.7555621,1.8685293,I,20,01,I20,Berberine Chloride,0.16666666666667
r09c20f04p01-sk1fk1fl1.tiff,-0.34728488,2.0748825,I,20,04,I20,Berberine Chloride,0.16666666666667
r09c20f07p01-sk1fk1fl1.tiff,0.028318014,3.6054764,I,20,07,I20,Berberine Chloride,0.16666666666667
r09c21f01p01-sk1fk1fl1.tiff,-0.49364862,1.9595939,I,21,01,I21,Berberine Chloride,0.083333333333333
r09c21f04p01-sk1fk1fl1.tiff,-0.4601692,1.2755355,I,21,04,I21,Berberine Chloride,0.083333333333333
r09c21f07p01-sk1fk1fl1.tiff,-1.4364797,3.9421878,I,21,07,I21,Berberine Chloride,0.083333333333333
r09c22f01p01-sk1fk1fl1.tiff,-0.19357464,-0.026850097,I,22,01,I22,Berberine Chloride,0.041666666666667
r09c22f04p01-sk1fk1fl1.tiff,0.16057791,1.3740273,I,22,04,I22,Berberine Chloride,0.041666666666667
r09c22f07p01-sk1fk1fl1.tiff,-1.1905107,1.0811776,I,22,07,I22,Berberine Chloride,0.041666666666667
r09c23f01p01-sk1fk1fl1.tiff,0.08219376,2.025979,I,23,01,I23,DMSO,
r09c23f04p01-sk1fk1fl1.tiff,-0.26939598,1.6570004,I,23,04,I23,DMSO,
r09c23f07p01-sk1fk1fl1.tiff,0.829134,2.2703311,I,23,07,I23,DMSO,
r09c24f01p01-sk1fk1fl1.tiff,-1.2647828,2.8401914,I,24,01,I24,DMSO,
r09c24f04p01-sk1fk1fl1.tiff,-1.3314737,4.2788525,I,24,04,I24,DMSO,
r09c24f07p01-sk1fk1fl1.tiff,-0.5904289,1.7389822,I,24,07,I24,DMSO,
r10c01f01p01-sk1fk1fl1.tiff,-0.24122971,10.493203,J,01,01,J01,Brefeldin A,50.0
r10c01f04p01-sk1fk1fl1.tiff,-0.44692975,9.823703,J,01,04,J01,Brefeldin A,50.0
r10c01f07p01-sk1fk1fl1.tiff,0.07930951,10.033673,J,01,07,J01,Brefeldin A,50.0
r10c02f01p01-sk1fk1fl1.tiff,-0.10233635,10.63243,J,02,01,J02,Brefeldin A,25.0
r10c02f04p01-sk1fk1fl1.tiff,0.22247438,9.856909,J,02,04,J02,Brefeldin A,25.0
r10c02f07p01-sk1fk1fl1.tiff,-0.25624618,10.045705,J,02,07,J02,Brefeldin A,25.0
r10c03f01p01-sk1fk1fl1.tiff,0.4963288,9.835013,J,03,01,J03,Brefeldin A,12.5
r10c03f04p01-sk1fk1fl1.tiff,-0.41172007,10.257462,J,03,04,J03,Brefeldin A,12.5
r10c03f07p01-sk1fk1fl1.tiff,0.062813506,10.116902,J,03,07,J03,Brefeldin A,12.5
r10c04f01p01-sk1fk1fl1.tiff,0.11346774,10.065077,J,04,01,J04,Brefeldin A,6.25
r10c04f04p01-sk1fk1fl1.tiff,0.44021183,10.368867,J,04,04,J04,Brefeldin A,6.25
r10c04f07p01-sk1fk1fl1.tiff,-0.33609247,10.541124,J,04,07,J04,Brefeldin A,6.25
r10c05f01p01-sk1fk1fl1.tiff,-0.12746857,9.420013,J,05,01,J05,Brefeldin A,3.1666666666667
r10c05f04p01-sk1fk1fl1.tiff,0.4619959,9.649678,J,05,04,J05,Brefeldin A,3.1666666666667
r10c05f07p01-sk1fk1fl1.tiff,0.13343094,10.465096,J,05,07,J05,Brefeldin A,3.1666666666667
r10c06f01p01-sk1fk1fl1.tiff,-0.20654176,10.565195,J,06,01,J06,Brefeldin A,1.5833333333333
r10c06f04p01-sk1fk1fl1.tiff,-0.22403638,10.543578,J,06,04,J06,Brefeldin A,1.5833333333333
r10c06f07p01-sk1fk1fl1.tiff,0.12721382,9.940061,J,06,07,J06,Brefeldin A,1.5833333333333
r10c07f01p01-sk1fk1fl1.tiff,-0.15361024,9.817809,J,07,01,J07,Brefeldin A,0.75
r10c07f04p01-sk1fk1fl1.tiff,0.19696794,10.2031355,J,07,04,J07,Brefeldin A,0.75
r10c07f07p01-sk1fk1fl1.tiff,1.2453891,10.213856,J,07,07,J07,Brefeldin A,0.75
r10c08f01p01-sk1fk1fl1.tiff,0.2683971,9.9781,J,08,01,J08,Brefeldin A,0.41666666666667
r10c08f04p01-sk1fk1fl1.tiff,-0.27056524,9.809084,J,08,04,J08,Brefeldin A,0.41666666666667
r10c08f07p01-sk1fk1fl1.tiff,0.26587725,9.303569,J,08,07,J08,Brefeldin A,0.41666666666667
r10c09f01p01-sk1fk1fl1.tiff,0.25506258,10.0234375,J,09,01,J09,Brefeldin A,0.16666666666667
r10c09f04p01-sk1fk1fl1.tiff,-0.18143237,9.91494,J,09,04,J09,Brefeldin A,0.16666666666667
r10c09f07p01-sk1fk1fl1.tiff,0.12984422,9.446412,J,09,07,J09,Brefeldin A,0.16666666666667
r10c10f01p01-sk1fk1fl1.tiff,0.32137808,9.20495,J,10,01,J10,Brefeldin A,0.083333333333333
r10c10f04p01-sk1fk1fl1.tiff,0.04646652,10.4787655,J,10,04,J10,Brefeldin A,0.083333333333333
r10c10f07p01-sk1fk1fl1.tiff,-0.20917557,9.602477,J,10,07,J10,Brefeldin A,0.083333333333333
r10c11f01p01-sk1fk1fl1.tiff,-0.73536444,5.4009104,J,11,01,J11,Brefeldin A,0.041666666666667
r10c11f04p01-sk1fk1fl1.tiff,0.3621114,5.317545,J,11,04,J11,Brefeldin A,0.041666666666667
r10c11f07p01-sk1fk1fl1.tiff,-1.6754922,2.631979,J,11,07,J11,Brefeldin A,0.041666666666667
r10c12f01p01-sk1fk1fl1.tiff,-0.20127429,10.507459,J,12,01,J12,Brefeldin A,50.0
r10c12f04p01-sk1fk1fl1.tiff,0.37289384,10.407283,J,12,04,J12,Brefeldin A,50.0
r10c12f07p01-sk1fk1fl1.tiff,-0.062068116,10.439643,J,12,07,J12,Brefeldin A,50.0
r10c13f01p01-sk1fk1fl1.tiff,-0.20148171,10.644386,J,13,01,J13,Brefeldin A,25.0
r10c13f04p01-sk1fk1fl1.tiff,-0.14203943,10.469096,J,13,04,J13,Brefeldin A,25.0
r10c13f07p01-sk1fk1fl1.tiff,-0.24274899,10.4577,J,13,07,J13,Brefeldin A,25.0
r10c14f01p01-sk1fk1fl1.tiff,-0.3846925,10.061005,J,14,01,J14,Brefeldin A,12.5
r10c14f04p01-sk1fk1fl1.tiff,0.32970586,10.1983385,J,14,04,J14,Brefeldin A,12.5
r10c14f07p01-sk1fk1fl1.tiff,-0.3813853,9.894925,J,14,07,J14,Brefeldin A,12.5
r10c15f01p01-sk1fk1fl1.tiff,-0.31874225,9.421597,J,15,01,J15,Brefeldin A,6.25
r10c15f04p01-sk1fk1fl1.tiff,-0.041974697,10.566836,J,15,04,J15,Brefeldin A,6.25
r10c15f07p01-sk1fk1fl1.tiff,-0.33198568,10.373661,J,15,07,J15,Brefeldin A,6.25
r10c16f01p01-sk1fk1fl1.tiff,-0.1433449,10.191938,J,16,01,J16,Brefeldin A,3.1666666666667
r10c16f04p01-sk1fk1fl1.tiff,0.55254525,10.180662,J,16,04,J16,Brefeldin A,3.1666666666667
r10c16f07p01-sk1fk1fl1.tiff,1.0053555,9.696561,J,16,07,J16,Brefeldin A,3.1666666666667
r10c17f01p01-sk1fk1fl1.tiff,0.78488433,9.841767,J,17,01,J17,Brefeldin A,1.5833333333333
r10c17f04p01-sk1fk1fl1.tiff,0.7879554,10.013274,J,17,04,J17,Brefeldin A,1.5833333333333
r10c17f07p01-sk1fk1fl1.tiff,1.1404736,9.898736,J,17,07,J17,Brefeldin A,1.5833333333333
r10c18f01p01-sk1fk1fl1.tiff,-0.0120298015,9.781394,J,18,01,J18,Brefeldin A,0.75
r10c18f04p01-sk1fk1fl1.tiff,0.7528033,10.048561,J,18,04,J18,Brefeldin A,0.75
r10c18f07p01-sk1fk1fl1.tiff,-0.19739406,10.428821,J,18,07,J18,Brefeldin A,0.75
r10c19f01p01-sk1fk1fl1.tiff,0.34518695,10.105444,J,19,01,J19,Brefeldin A,0.41666666666667
r10c19f04p01-sk1fk1fl1.tiff,-0.008096246,9.7284975,J,19,04,J19,Brefeldin A,0.41666666666667
r10c19f07p01-sk1fk1fl1.tiff,0.5106441,10.450404,J,19,07,J19,Brefeldin A,0.41666666666667
r10c20f01p01-sk1fk1fl1.tiff,-0.47594988,9.819226,J,20,01,J20,Brefeldin A,0.16666666666667
r10c20f04p01-sk1fk1fl1.tiff,0.32875797,9.102869,J,20,04,J20,Brefeldin A,0.16666666666667
r10c20f07p01-sk1fk1fl1.tiff,0.13897322,9.461473,J,20,07,J20,Brefeldin A,0.16666666666667
r10c21f01p01-sk1fk1fl1.tiff,-0.26031646,10.427006,J,21,01,J21,Brefeldin A,0.083333333333333
r10c21f04p01-sk1fk1fl1.tiff,0.16279756,8.61656,J,21,04,J21,Brefeldin A,0.083333333333333
r10c21f07p01-sk1fk1fl1.tiff,-0.21648665,9.397109,J,21,07,J21,Brefeldin A,0.083333333333333
r10c22f01p01-sk1fk1fl1.tiff,-2.4499626,3.2182803,J,22,01,J22,Brefeldin A,0.041666666666667
r10c22f04p01-sk1fk1fl1.tiff,-1.0478431,5.0006585,J,22,04,J22,Brefeldin A,0.041666666666667
r10c22f07p01-sk1fk1fl1.tiff,-0.85699004,5.4030895,J,22,07,J22,Brefeldin A,0.041666666666667
r10c23f01p01-sk1fk1fl1.tiff,-1.8960963,1.6083783,J,23,01,J23,DMSO,
r10c23f04p01-sk1fk1fl1.tiff,-1.6682615,3.2417142,J,23,04,J23,DMSO,
r10c23f07p01-sk1fk1fl1.tiff,0.07599618,1.9011626,J,23,07,J23,DMSO,
r10c24f01p01-sk1fk1fl1.tiff,-1.8307322,1.0240476,J,24,01,J24,DMSO,
r10c24f04p01-sk1fk1fl1.tiff,0.9938328,2.915001,J,24,04,J24,DMSO,
r10c24f07p01-sk1fk1fl1.tiff,-1.7047703,1.7648634,J,24,07,J24,DMSO,
r11c01f01p01-sk1fk1fl1.tiff,14.300502,1.5908566,K,01,01,K01,Fluphenazine,50.0
r11c01f04p01-sk1fk1fl1.tiff,14.318968,1.694676,K,01,04,K01,Fluphenazine,50.0
r11c01f07p01-sk1fk1fl1.tiff,14.242574,1.6726022,K,01,07,K01,Fluphenazine,50.0
r11c02f01p01-sk1fk1fl1.tiff,14.931835,1.7376643,K,02,01,K02,Fluphenazine,25.0
r11c02f04p01-sk1fk1fl1.tiff,15.08847,1.8077604,K,02,04,K02,Fluphenazine,25.0
r11c02f07p01-sk1fk1fl1.tiff,14.215585,1.1757002,K,02,07,K02,Fluphenazine,25.0
r11c03f01p01-sk1fk1fl1.tiff,2.642962,4.1512337,K,03,01,K03,Fluphenazine,12.5
r11c03f04p01-sk1fk1fl1.tiff,2.1759336,4.1340904,K,03,04,K03,Fluphenazine,12.5
r11c03f07p01-sk1fk1fl1.tiff,2.2306461,3.6082056,K,03,07,K03,Fluphenazine,12.5
r11c04f01p01-sk1fk1fl1.tiff,1.3171316,0.9031234,K,04,01,K04,Fluphenazine,6.25
r11c04f04p01-sk1fk1fl1.tiff,-0.60195583,2.0862608,K,04,04,K04,Fluphenazine,6.25
r11c04f07p01-sk1fk1fl1.tiff,1.3892696,0.533185,K,04,07,K04,Fluphenazine,6.25
r11c05f01p01-sk1fk1fl1.tiff,0.33041775,0.42859083,K,05,01,K05,Fluphenazine,3.1666666666667
r11c05f04p01-sk1fk1fl1.tiff,0.6734987,1.6096313,K,05,04,K05,Fluphenazine,3.1666666666667
r11c05f07p01-sk1fk1fl1.tiff,-1.6501774,2.2874165,K,05,07,K05,Fluphenazine,3.1666666666667
r11c06f01p01-sk1fk1fl1.tiff,1.583417,1.3799474,K,06,01,K06,Fluphenazine,1.5833333333333
r11c06f04p01-sk1fk1fl1.tiff,-0.815365,3.6494887,K,06,04,K06,Fluphenazine,1.5833333333333
r11c06f07p01-sk1fk1fl1.tiff,0.2856316,3.2850626,K,06,07,K06,Fluphenazine,1.5833333333333
r11c07f01p01-sk1fk1fl1.tiff,-0.37862396,1.7891876,K,07,01,K07,Fluphenazine,0.75
r11c07f04p01-sk1fk1fl1.tiff,-1.0376918,0.97521156,K,07,04,K07,Fluphenazine,0.75
r11c07f07p01-sk1fk1fl1.tiff,0.15036693,-0.18506204,K,07,07,K07,Fluphenazine,0.75
r11c08f01p01-sk1fk1fl1.tiff,-0.90773755,1.4776853,K,08,01,K08,Fluphenazine,0.41666666666667
r11c08f04p01-sk1fk1fl1.tiff,-1.2655693,1.2558242,K,08,04,K08,Fluphenazine,0.41666666666667
r11c08f07p01-sk1fk1fl1.tiff,0.25440216,2.3989656,K,08,07,K08,Fluphenazine,0.41666666666667
r11c09f01p01-sk1fk1fl1.tiff,0.730452,2.2672293,K,09,01,K09,Fluphenazine,0.16666666666667
r11c09f04p01-sk1fk1fl1.tiff,-0.49750918,0.8050452,K,09,04,K09,Fluphenazine,0.16666666666667
r11c09f07p01-sk1fk1fl1.tiff,-0.57424605,-0.22071633,K,09,07,K09,Fluphenazine,0.16666666666667
r11c10f01p01-sk1fk1fl1.tiff,1.633922,1.1622596,K,10,01,K10,Fluphenazine,0.083333333333333
r11c10f04p01-sk1fk1fl1.tiff,1.4079024,0.33000135,K,10,04,K10,Fluphenazine,0.083333333333333
r11c10f07p01-sk1fk1fl1.tiff,1.8914855,1.936775,K,10,07,K10,Fluphenazine,0.083333333333333
r11c11f01p01-sk1fk1fl1.tiff,-0.41700888,3.3285155,K,11,01,K11,Fluphenazine,0.041666666666667
r11c11f04p01-sk1fk1fl1.tiff,-0.5806418,5.1249146,K,11,04,K11,Fluphenazine,0.041666666666667
r11c11f07p01-sk1fk1fl1.tiff,0.5960557,1.9033673,K,11,07,K11,Fluphenazine,0.041666666666667
r11c12f01p01-sk1fk1fl1.tiff,14.173326,1.1689726,K,12,01,K12,Fluphenazine,50.0
r11c12f04p01-sk1fk1fl1.tiff,14.339425,1.7414557,K,12,04,K12,Fluphenazine,50.0
r11c12f07p01-sk1fk1fl1.tiff,14.179021,1.1466984,K,12,07,K12,Fluphenazine,50.0
r11c13f01p01-sk1fk1fl1.tiff,14.724942,1.6629376,K,13,01,K13,Fluphenazine,25.0
r11c13f04p01-sk1fk1fl1.tiff,14.6888685,1.6706964,K,13,04,K13,Fluphenazine,25.0
r11c13f07p01-sk1fk1fl1.tiff,14.241275,1.3021183,K,13,07,K13,Fluphenazine,25.0
r11c14f01p01-sk1fk1fl1.tiff,2.29232,4.293185,K,14,01,K14,Fluphenazine,12.5
r11c14f04p01-sk1fk1fl1.tiff,1.7311329,3.5428705,K,14,04,K14,Fluphenazine,12.5
r11c14f07p01-sk1fk1fl1.tiff,2.3344014,4.062212,K,14,07,K14,Fluphenazine,12.5
r11c15f01p01-sk1fk1fl1.tiff,1.0542009,0.17735271,K,15,01,K15,Fluphenazine,6.25
r11c15f04p01-sk1fk1fl1.tiff,0.52002996,1.6090934,K,15,04,K15,Fluphenazine,6.25
r11c15f07p01-sk1fk1fl1.tiff,1.8312063,1.7473447,K,15,07,K15,Fluphenazine,6.25
r11c16f01p01-sk1fk1fl1.tiff,-0.7190056,1.8428007,K,16,01,K16,Fluphenazine,3.1666666666667
r11c16f04p01-sk1fk1fl1.tiff,0.5832443,1.6774609,K,16,04,K16,Fluphenazine,3.1666666666667
r11c16f07p01-sk1fk1fl1.tiff,1.224554,0.22634503,K,16,07,K16,Fluphenazine,3.1666666666667
r11c17f01p01-sk1fk1fl1.tiff,0.60972977,1.664924,K,17,01,K17,Fluphenazine,1.5833333333333
r11c17f04p01-sk1fk1fl1.tiff,0.1061745,3.0686977,K,17,04,K17,Fluphenazine,1.5833333333333
r11c17f07p01-sk1fk1fl1.tiff,-0.077812515,0.1476414,K,17,07,K17,Fluphenazine,1.5833333333333
r11c18f01p01-sk1fk1fl1.tiff,-1.1272889,0.85716903,K,18,01,K18,Fluphenazine,0.75
r11c18f04p01-sk1fk1fl1.tiff,-1.1717777,2.4947772,K,18,04,K18,Fluphenazine,0.75
r11c18f07p01-sk1fk1fl1.tiff,-1.25911,2.0836964,K,18,07,K18,Fluphenazine,0.75
r11c19f01p01-sk1fk1fl1.tiff,0.46586713,1.9887302,K,19,01,K19,Fluphenazine,0.41666666666667
r11c19f04p01-sk1fk1fl1.tiff,0.28228617,1.7191839,K,19,04,K19,Fluphenazine,0.41666666666667
r11c19f07p01-sk1fk1fl1.tiff,0.1578263,1.6746687,K,19,07,K19,Fluphenazine,0.41666666666667
r11c20f01p01-sk1fk1fl1.tiff,1.1605643,0.2584456,K,20,01,K20,Fluphenazine,0.16666666666667
r11c20f04p01-sk1fk1fl1.tiff,-0.45924577,-0.1247253,K,20,04,K20,Fluphenazine,0.16666666666667
r11c20f07p01-sk1fk1fl1.tiff,-1.5055103,0.8350578,K,20,07,K20,Fluphenazine,0.16666666666667
r11c21f01p01-sk1fk1fl1.tiff,-0.4299915,0.59573615,K,21,01,K21,Fluphenazine,0.083333333333333
r11c21f04p01-sk1fk1fl1.tiff,0.453831,-0.08349506,K,21,04,K21,Fluphenazine,0.083333333333333
r11c21f07p01-sk1fk1fl1.tiff,0.28235614,2.6747205,K,21,07,K21,Fluphenazine,0.083333333333333
r11c22f01p01-sk1fk1fl1.tiff,-0.6747435,3.2762544,K,22,01,K22,Fluphenazine,0.041666666666667
r11c22f04p01-sk1fk1fl1.tiff,-0.075674064,2.5883796,K,22,04,K22,Fluphenazine,0.041666666666667
r11c22f07p01-sk1fk1fl1.tiff,0.023052627,3.701228,K,22,07,K22,Fluphenazine,0.041666666666667
r11c23f01p01-sk1fk1fl1.tiff,-2.0774424,1.6427116,K,23,01,K23,DMSO,
r11c23f04p01-sk1fk1fl1.tiff,-0.88783497,0.7817662,K,23,04,K23,DMSO,
r11c23f07p01-sk1fk1fl1.tiff,-0.81634843,0.21094601,K,23,07,K23,DMSO,
r11c24f01p01-sk1fk1fl1.tiff,-0.7726365,1.0122135,K,24,01,K24,DMSO,
r11c24f04p01-sk1fk1fl1.tiff,-0.3788884,3.2045107,K,24,04,K24,DMSO,
r11c24f07p01-sk1fk1fl1.tiff,-0.622382,3.4289968,K,24,07,K24,DMSO,
r12c01f01p01-sk1fk1fl1.tiff,0.17151341,8.857497,L,01,01,L01,Latrunculin B,50.0
r12c01f04p01-sk1fk1fl1.tiff,0.48989564,7.7711463,L,01,04,L01,Latrunculin B,50.0
r12c01f07p01-sk1fk1fl1.tiff,0.28916687,8.978719,L,01,07,L01,Latrunculin B,50.0
r12c02f01p01-sk1fk1fl1.tiff,1.1219001,9.329876,L,02,01,L02,Latrunculin B,25.0
r12c02f04p01-sk1fk1fl1.tiff,-0.06433754,8.927152,L,02,04,L02,Latrunculin B,25.0
r12c02f07p01-sk1fk1fl1.tiff,0.571816,8.572289,L,02,07,L02,Latrunculin B,25.0
r12c03f01p01-sk1fk1fl1.tiff,-0.2555103,6.0607696,L,03,01,L03,Latrunculin B,12.5
r12c03f04p01-sk1fk1fl1.tiff,0.31409565,7.4681416,L,03,04,L03,Latrunculin B,12.5
r12c03f07p01-sk1fk1fl1.tiff,1.8293836,4.967248,L,03,07,L03,Latrunculin B,12.5
r12c04f01p01-sk1fk1fl1.tiff,-0.26475787,5.8686166,L,04,01,L04,Latrunculin B,6.25
r12c04f04p01-sk1fk1fl1.tiff,0.5641672,5.7015,L,04,04,L04,Latrunculin B,6.25
r12c04f07p01-sk1fk1fl1.tiff,2.2479177,4.4632034,L,04,07,L04,Latrunculin B,6.25
r12c05f01p01-sk1fk1fl1.tiff,0.016139507,7.303949,L,05,01,L05,Latrunculin B,3.1666666666667
r12c05f04p01-sk1fk1fl1.tiff,0.3577308,7.3473024,L,05,04,L05,Latrunculin B,3.1666666666667
r12c05f07p01-sk1fk1fl1.tiff,0.100072205,7.2665167,L,05,07,L05,Latrunculin B,3.1666666666667
r12c06f01p01-sk1fk1fl1.tiff,0.46321896,7.451872,L,06,01,L06,Latrunculin B,1.5833333333333
r12c06f04p01-sk1fk1fl1.tiff,0.12284578,7.222327,L,06,04,L06,Latrunculin B,1.5833333333333
r12c06f07p01-sk1fk1fl1.tiff,-0.13161732,8.9701805,L,06,07,L06,Latrunculin B,1.5833333333333
r12c07f01p01-sk1fk1fl1.tiff,-0.3459149,5.855019,L,07,01,L07,Latrunculin B,0.75
r12c07f04p01-sk1fk1fl1.tiff,-0.88744164,5.8000803,L,07,04,L07,Latrunculin B,0.75
r12c07f07p01-sk1fk1fl1.tiff,-2.1158273,4.081722,L,07,07,L07,Latrunculin B,0.75
r12c08f01p01-sk1fk1fl1.tiff,-1.5524788,3.3622115,L,08,01,L08,Latrunculin B,0.41666666666667
r12c08f04p01-sk1fk1fl1.tiff,0.23324698,7.0860915,L,08,04,L08,Latrunculin B,0.41666666666667
r12c08f07p01-sk1fk1fl1.tiff,-1.6511604,4.6675954,L,08,07,L08,Latrunculin B,0.41666666666667
r12c09f01p01-sk1fk1fl1.tiff,-0.35750252,3.7397342,L,09,01,L09,Latrunculin B,0.16666666666667
r12c09f04p01-sk1fk1fl1.tiff,0.36605868,4.267542,L,09,04,L09,Latrunculin B,0.16666666666667
r12c09f07p01-sk1fk1fl1.tiff,0.88189405,1.4053192,L,09,07,L09,Latrunculin B,0.16666666666667
r12c10f01p01-sk1fk1fl1.tiff,-0.13952866,3.2027216,L,10,01,L10,Latrunculin B,0.083333333333333
r12c10f04p01-sk1fk1fl1.tiff,1.255135,1.6446841,L,10,04,L10,Latrunculin B,0.083333333333333
r12c10f07p01-sk1fk1fl1.tiff,-1.4200362,1.0424386,L,10,07,L10,Latrunculin B,0.083333333333333
r12c11f01p01-sk1fk1fl1.tiff,-2.1625483,3.2817726,L,11,01,L11,Latrunculin B,0.041666666666667
r12c11f04p01-sk1fk1fl1.tiff,-0.27276787,3.1060038,L,11,04,L11,Latrunculin B,0.041666666666667
r12c11f07p01-sk1fk1fl1.tiff,0.8788009,4.2803955,L,11,07,L11,Latrunculin B,0.041666666666667
r12c12f01p01-sk1fk1fl1.tiff,0.51060164,8.446346,L,12,01,L12,Latrunculin B,50.0
r12c12f04p01-sk1fk1fl1.tiff,0.4669003,8.437869,L,12,04,L12,Latrunculin B,50.0
r12c12f07p01-sk1fk1fl1.tiff,0.57691324,8.375746,L,12,07,L12,Latrunculin B,50.0
r12c13f01p01-sk1fk1fl1.tiff,0.4729202,7.919356,L,13,01,L13,Latrunculin B,25.0
r12c13f04p01-sk1fk1fl1.tiff,0.12403519,9.118071,L,13,04,L13,Latrunculin B,25.0
r12c13f07p01-sk1fk1fl1.tiff,0.40868482,8.149083,L,13,07,L13,Latrunculin B,25.0
r12c14f01p01-sk1fk1fl1.tiff,0.6109296,8.314872,L,14,01,L14,Latrunculin B,12.5
r12c14f04p01-sk1fk1fl1.tiff,0.56074506,8.287402,L,14,04,L14,Latrunculin B,12.5
r12c14f07p01-sk1fk1fl1.tiff,0.17330548,7.5274224,L,14,07,L14,Latrunculin B,12.5
r12c15f01p01-sk1fk1fl1.tiff,0.53229284,7.6378565,L,15,01,L15,Latrunculin B,6.25
r12c15f04p01-sk1fk1fl1.tiff,0.47911474,7.757642,L,15,04,L15,Latrunculin B,6.25
r12c15f07p01-sk1fk1fl1.tiff,0.42683613,7.4512663,L,15,07,L15,Latrunculin B,6.25
r12c16f01p01-sk1fk1fl1.tiff,0.48997453,7.3008833,L,16,01,L16,Latrunculin B,3.1666666666667
r12c16f04p01-sk1fk1fl1.tiff,0.13720645,7.574786,L,16,04,L16,Latrunculin B,3.1666666666667
r12c16f07p01-sk1fk1fl1.tiff,0.07382032,7.364413,L,16,07,L16,Latrunculin B,3.1666666666667
r12c17f01p01-sk1fk1fl1.tiff,0.095379785,7.3649716,L,17,01,L17,Latrunculin B,1.5833333333333
r12c17f04p01-sk1fk1fl1.tiff,-0.02226784,7.2181196,L,17,04,L17,Latrunculin B,1.5833333333333
r12c17f07p01-sk1fk1fl1.tiff,0.23479266,7.0313716,L,17,07,L17,Latrunculin B,1.5833333333333
r12c18f01p01-sk1fk1fl1.tiff,-0.34848586,4.5658536,L,18,01,L18,Latrunculin B,0.75
r12c18f04p01-sk1fk1fl1.tiff,-0.4920333,4.271516,L,18,04,L18,Latrunculin B,0.75
r12c18f07p01-sk1fk1fl1.tiff,2.2754343,3.5137746,L,18,07,L18,Latrunculin B,0.75
r12c19f01p01-sk1fk1fl1.tiff,-0.8750513,1.9372203,L,19,01,L19,Latrunculin B,0.41666666666667
r12c19f04p01-sk1fk1fl1.tiff,-1.5826674,3.6288137,L,19,04,L19,Latrunculin B,0.41666666666667
r12c19f07p01-sk1fk1fl1.tiff,-1.6018195,1.7627922,L,19,07,L19,Latrunculin B,0.41666666666667
r12c20f01p01-sk1fk1fl1.tiff,-0.34811333,1.9466751,L,20,01,L20,Latrunculin B,0.16666666666667
r12c20f04p01-sk1fk1fl1.tiff,-1.6234977,2.6168027,L,20,04,L20,Latrunculin B,0.16666666666667
r12c20f07p01-sk1fk1fl1.tiff,-0.98160726,4.152924,L,20,07,L20,Latrunculin B,0.16666666666667
r12c21f01p01-sk1fk1fl1.tiff,-0.49490207,1.5347168,L,21,01,L21,Latrunculin B,0.083333333333333
r12c21f04p01-sk1fk1fl1.tiff,-2.3040729,3.21935,L,21,04,L21,Latrunculin B,0.083333333333333
r12c21f07p01-sk1fk1fl1.tiff,0.10501056,0.0025127502,L,21,07,L21,Latrunculin B,0.083333333333333
r12c22f01p01-sk1fk1fl1.tiff,0.67704314,3.9812338,L,22,01,L22,Latrunculin B,0.041666666666667
r12c22f04p01-sk1fk1fl1.tiff,0.1985493,3.077824,L,22,04,L22,Latrunculin B,0.041666666666667
r12c22f07p01-sk1fk1fl1.tiff,-1.9520149,2.6312459,L,22,07,L22,Latrunculin B,0.041666666666667
r12c23f01p01-sk1fk1fl1.tiff,-1.93481,2.162997,L,23,01,L23,DMSO,
r12c23f04p01-sk1fk1fl1.tiff,-0.9077237,0.18925798,L,23,04,L23,DMSO,
r12c23f07p01-sk1fk1fl1.tiff,-0.26737323,1.0657234,L,23,07,L23,DMSO,
r12c24f01p01-sk1fk1fl1.tiff,-0.73444325,2.2829266,L,24,01,L24,DMSO,
r12c24f04p01-sk1fk1fl1.tiff,0.59882486,0.40491393,L,24,04,L24,DMSO,
r12c24f07p01-sk1fk1fl1.tiff,-1.4495631,3.170545,L,24,07,L24,DMSO,
r13c01f01p01-sk1fk1fl1.tiff,2.5543413,4.341473,M,01,01,M01,Nocodazole,50.0
r13c01f04p01-sk1fk1fl1.tiff,-1.7495992,3.9416819,M,01,04,M01,Nocodazole,50.0
r13c01f07p01-sk1fk1fl1.tiff,2.483374,2.7471533,M,01,07,M01,Nocodazole,50.0
r13c02f01p01-sk1fk1fl1.tiff,2.5660434,3.3729084,M,02,01,M02,Nocodazole,25.0
r13c02f04p01-sk1fk1fl1.tiff,-0.19701907,4.125151,M,02,04,M02,Nocodazole,25.0
r13c02f07p01-sk1fk1fl1.tiff,-2.061195,4.178639,M,02,07,M02,Nocodazole,25.0
r13c03f01p01-sk1fk1fl1.tiff,-2.2008638,3.9766607,M,03,01,M03,Nocodazole,12.5
r13c03f04p01-sk1fk1fl1.tiff,-0.48190778,5.698959,M,03,04,M03,Nocodazole,12.5
r13c03f07p01-sk1fk1fl1.tiff,-0.49382982,5.43478,M,03,07,M03,Nocodazole,12.5
r13c04f01p01-sk1fk1fl1.tiff,0.7073716,1.0111278,M,04,01,M04,Nocodazole,6.25
r13c04f04p01-sk1fk1fl1.tiff,-2.0213337,1.771581,M,04,04,M04,Nocodazole,6.25
r13c04f07p01-sk1fk1fl1.tiff,-2.0566697,4.010821,M,04,07,M04,Nocodazole,6.25
r13c05f01p01-sk1fk1fl1.tiff,0.5333838,3.5218863,M,05,01,M05,Nocodazole,3.1666666666667
r13c05f04p01-sk1fk1fl1.tiff,-1.639511,2.7935026,M,05,04,M05,Nocodazole,3.1666666666667
r13c05f07p01-sk1fk1fl1.tiff,-2.2734582,3.5956922,M,05,07,M05,Nocodazole,3.1666666666667
r13c06f01p01-sk1fk1fl1.tiff,-1.2837484,4.71433,M,06,01,M06,Nocodazole,1.5833333333333
r13c06f04p01-sk1fk1fl1.tiff,-0.5817819,5.6835713,M,06,04,M06,Nocodazole,1.5833333333333
r13c06f07p01-sk1fk1fl1.tiff,-1.5241897,2.8843544,M,06,07,M06,Nocodazole,1.5833333333333
r13c07f01p01-sk1fk1fl1.tiff,-1.7903305,4.4959874,M,07,01,M07,Nocodazole,0.75
r13c07f04p01-sk1fk1fl1.tiff,-0.45910302,4.3629026,M,07,04,M07,Nocodazole,0.75
r13c07f07p01-sk1fk1fl1.tiff,1.5521767,4.217405,M,07,07,M07,Nocodazole,0.75
r13c08f01p01-sk1fk1fl1.tiff,-1.14014,4.0328403,M,08,01,M08,Nocodazole,0.41666666666667
r13c08f04p01-sk1fk1fl1.tiff,0.40383202,5.5534616,M,08,04,M08,Nocodazole,0.41666666666667
r13c08f07p01-sk1fk1fl1.tiff,-0.57459384,4.3501353,M,08,07,M08,Nocodazole,0.41666666666667
r13c09f01p01-sk1fk1fl1.tiff,-1.3664782,2.7478764,M,09,01,M09,Nocodazole,0.16666666666667
r13c09f04p01-sk1fk1fl1.tiff,1.1580416,2.0586197,M,09,04,M09,Nocodazole,0.16666666666667
r13c09f07p01-sk1fk1fl1.tiff,1.6669054,4.885517,M,09,07,M09,Nocodazole,0.16666666666667
r13c10f01p01-sk1fk1fl1.tiff,1.2555665,1.9693447,M,10,01,M10,Nocodazole,0.083333333333333
r13c10f04p01-sk1fk1fl1.tiff,-0.3598125,3.389314,M,10,04,M10,Nocodazole,0.083333333333333
r13c10f07p01-sk1fk1fl1.tiff,0.4710293,4.5039277,M,10,07,M10,Nocodazole,0.083333333333333
r13c11f01p01-sk1fk1fl1.tiff,2.074157,2.0134282,M,11,01,M11,Nocodazole,0.041666666666667
r13c11f04p01-sk1fk1fl1.tiff,0.41138092,2.7616048,M,11,04,M11,Nocodazole,0.041666666666667
r13c11f07p01-sk1fk1fl1.tiff,-0.025510304,1.3937529,M,11,07,M11,Nocodazole,0.041666666666667
r13c12f01p01-sk1fk1fl1.tiff,2.4920604,3.0197484,M,12,01,M12,Nocodazole,50.0
r13c12f04p01-sk1fk1fl1.tiff,0.7436583,4.186149,M,12,04,M12,Nocodazole,50.0
r13c12f07p01-sk1fk1fl1.tiff,1.6029375,1.0099558,M,12,07,M12,Nocodazole,50.0
r13c13f01p01-sk1fk1fl1.tiff,0.7268541,3.4403727,M,13,01,M13,Nocodazole,25.0
r13c13f04p01-sk1fk1fl1.tiff,-0.32836905,5.5971866,M,13,04,M13,Nocodazole,25.0
r13c13f07p01-sk1fk1fl1.tiff,-0.77865404,4.384546,M,13,07,M13,Nocodazole,25.0
r13c14f01p01-sk1fk1fl1.tiff,0.5464426,5.651806,M,14,01,M14,Nocodazole,12.5
r13c14f04p01-sk1fk1fl1.tiff,0.22926797,5.4662895,M,14,04,M14,Nocodazole,12.5
r13c14f07p01-sk1fk1fl1.tiff,-0.4194178,4.264852,M,14,07,M14,Nocodazole,12.5
r13c15f01p01-sk1fk1fl1.tiff,2.211147,2.224246,M,15,01,M15,Nocodazole,6.25
r13c15f04p01-sk1fk1fl1.tiff,-2.0810506,3.3524842,M,15,04,M15,Nocodazole,6.25
r13c15f07p01-sk1fk1fl1.tiff,-1.9286172,2.7268255,M,15,07,M15,Nocodazole,6.25
r13c16f01p01-sk1fk1fl1.tiff,0.36889607,0.8513927,M,16,01,M16,Nocodazole,3.1666666666667
r13c16f04p01-sk1fk1fl1.tiff,-2.1413426,2.7505395,M,16,04,M16,Nocodazole,3.1666666666667
r13c16f07p01-sk1fk1fl1.tiff,-2.2264733,3.9121013,M,16,07,M16,Nocodazole,3.1666666666667
r13c17f01p01-sk1fk1fl1.tiff,-0.19737604,5.771482,M,17,01,M17,Nocodazole,1.5833333333333
r13c17f04p01-sk1fk1fl1.tiff,-0.5729078,4.6994305,M,17,04,M17,Nocodazole,1.5833333333333
r13c17f07p01-sk1fk1fl1.tiff,-0.4863678,4.6430483,M,17,07,M17,Nocodazole,1.5833333333333
r13c18f01p01-sk1fk1fl1.tiff,-2.483764,3.3793833,M,18,01,M18,Nocodazole,0.75
r13c18f04p01-sk1fk1fl1.tiff,1.8070349,3.6789598,M,18,04,M18,Nocodazole,0.75
r13c18f07p01-sk1fk1fl1.tiff,2.366483,2.9809813,M,18,07,M18,Nocodazole,0.75
r13c19f01p01-sk1fk1fl1.tiff,-0.71797127,4.0504537,M,19,01,M19,Nocodazole,0.41666666666667
r13c19f04p01-sk1fk1fl1.tiff,-1.6764531,3.459113,M,19,04,M19,Nocodazole,0.41666666666667
r13c19f07p01-sk1fk1fl1.tiff,1.2577467,4.2532163,M,19,07,M19,Nocodazole,0.41666666666667
r13c20f01p01-sk1fk1fl1.tiff,1.0703776,4.2365675,M,20,01,M20,Nocodazole,0.16666666666667
r13c20f04p01-sk1fk1fl1.tiff,-1.3194312,2.8680136,M,20,04,M20,Nocodazole,0.16666666666667
r13c20f07p01-sk1fk1fl1.tiff,-2.1761785,2.9720542,M,20,07,M20,Nocodazole,0.16666666666667
r13c21f01p01-sk1fk1fl1.tiff,0.13125634,3.090688,M,21,01,M21,Nocodazole,0.083333333333333
r13c21f04p01-sk1fk1fl1.tiff,1.6280297,1.789486,M,21,04,M21,Nocodazole,0.083333333333333
r13c21f07p01-sk1fk1fl1.tiff,-2.0737567,2.0495033,M,21,07,M21,Nocodazole,0.083333333333333
r13c22f01p01-sk1fk1fl1.tiff,-1.3542566,1.8756851,M,22,01,M22,Nocodazole,0.041666666666667
r13c22f04p01-sk1fk1fl1.tiff,-0.7344957,0.98598635,M,22,04,M22,Nocodazole,0.041666666666667
r13c22f07p01-sk1fk1fl1.tiff,-0.0388706,1.8677275,M,22,07,M22,Nocodazole,0.041666666666667
r13c23f01p01-sk1fk1fl1.tiff,-1.9138216,1.8889457,M,23,01,M23,DMSO,
r13c23f04p01-sk1fk1fl1.tiff,-1.6367437,1.8130416,M,23,04,M23,DMSO,
r13c23f07p01-sk1fk1fl1.tiff,-0.46307224,2.958522,M,23,07,M23,DMSO,
r13c24f01p01-sk1fk1fl1.tiff,-0.8051409,5.1010456,M,24,01,M24,DMSO,
r13c24f04p01-sk1fk1fl1.tiff,-1.8009332,1.4849916,M,24,04,M24,DMSO,
r13c24f07p01-sk1fk1fl1.tiff,0.0699173,1.1971573,M,24,07,M24,DMSO,
r14c01f01p01-sk1fk1fl1.tiff,1.9393258,10.459653,N,01,01,N01,Rapamycin,50.0
r14c01f04p01-sk1fk1fl1.tiff,1.2188579,10.421828,N,01,04,N01,Rapamycin,50.0
r14c01f07p01-sk1fk1fl1.tiff,14.967113,1.776067,N,01,07,N01,Rapamycin,50.0
r14c02f01p01-sk1fk1fl1.tiff,-1.2120402,4.7866697,N,02,01,N02,Rapamycin,25.0
r14c02f04p01-sk1fk1fl1.tiff,-1.4318079,3.1191525,N,02,04,N02,Rapamycin,25.0
r14c02f07p01-sk1fk1fl1.tiff,2.1249163,4.8810377,N,02,07,N02,Rapamycin,25.0
r14c03f01p01-sk1fk1fl1.tiff,-1.8917867,3.482139,N,03,01,N03,Rapamycin,12.5
r14c03f04p01-sk1fk1fl1.tiff,-0.7006846,3.5812564,N,03,04,N03,Rapamycin,12.5
r14c03f07p01-sk1fk1fl1.tiff,0.7799822,0.65812737,N,03,07,N03,Rapamycin,12.5
r14c04f01p01-sk1fk1fl1.tiff,0.5964987,3.6756036,N,04,01,N04,Rapamycin,6.25
r14c04f04p01-sk1fk1fl1.tiff,-1.1733873,1.7177119,N,04,04,N04,Rapamycin,6.25
r14c04f07p01-sk1fk1fl1.tiff,0.2846303,3.7560935,N,04,07,N04,Rapamycin,6.25
r14c05f01p01-sk1fk1fl1.tiff,-0.7030472,5.5769873,N,05,01,N05,Rapamycin,3.1666666666667
r14c05f04p01-sk1fk1fl1.tiff,-1.8942618,3.6289337,N,05,04,N05,Rapamycin,3.1666666666667
r14c05f07p01-sk1fk1fl1.tiff,-0.69277567,1.9096311,N,05,07,N05,Rapamycin,3.1666666666667
r14c06f01p01-sk1fk1fl1.tiff,-0.9696851,5.72331,N,06,01,N06,Rapamycin,1.5833333333333
r14c06f04p01-sk1fk1fl1.tiff,-0.57532364,4.501161,N,06,04,N06,Rapamycin,1.5833333333333
r14c06f07p01-sk1fk1fl1.tiff,-0.94667876,5.0036435,N,06,07,N06,Rapamycin,1.5833333333333
r14c07f01p01-sk1fk1fl1.tiff,-0.19799095,0.9400318,N,07,01,N07,Rapamycin,0.75
r14c07f04p01-sk1fk1fl1.tiff,-1.7994837,2.2096674,N,07,04,N07,Rapamycin,0.75
r14c07f07p01-sk1fk1fl1.tiff,-0.8476245,4.9349265,N,07,07,N07,Rapamycin,0.75
r14c08f01p01-sk1fk1fl1.tiff,0.17057541,4.0039062,N,08,01,N08,Rapamycin,0.41666666666667
r14c08f04p01-sk1fk1fl1.tiff,-0.8083965,3.438676,N,08,04,N08,Rapamycin,0.41666666666667
r14c08f07p01-sk1fk1fl1.tiff,-0.11228787,4.575038,N,08,07,N08,Rapamycin,0.41666666666667
r14c09f01p01-sk1fk1fl1.tiff,-0.9030711,5.6275005,N,09,01,N09,Rapamycin,0.16666666666667
r14c09f04p01-sk1fk1fl1.tiff,0.03283667,3.641975,N,09,04,N09,Rapamycin,0.16666666666667
r14c09f07p01-sk1fk1fl1.tiff,-0.9098517,4.9523163,N,09,07,N09,Rapamycin,0.16666666666667
r14c10f01p01-sk1fk1fl1.tiff,0.46696258,4.2801266,N,10,01,N10,Rapamycin,0.083333333333333
r14c10f04p01-sk1fk1fl1.tiff,0.91119266,3.6698706,N,10,04,N10,Rapamycin,0.083333333333333
r14c10f07p01-sk1fk1fl1.tiff,-0.6046392,4.976221,N,10,07,N10,Rapamycin,0.083333333333333
r14c11f01p01-sk1fk1fl1.tiff,-0.50836587,5.0894504,N,11,01,N11,Rapamycin,0.041666666666667
r14c11f04p01-sk1fk1fl1.tiff,-0.60354364,5.597189,N,11,04,N11,Rapamycin,0.041666666666667
r14c11f07p01-sk1fk1fl1.tiff,0.6575153,4.2088847,N,11,07,N11,Rapamycin,0.041666666666667
r14c12f01p01-sk1fk1fl1.tiff,1.6996788,10.381026,N,12,01,N12,Rapamycin,50.0
r14c12f04p01-sk1fk1fl1.tiff,1.3042873,10.310901,N,12,04,N12,Rapamycin,50.0
r14c12f07p01-sk1fk1fl1.tiff,1.7867937,10.49863,N,12,07,N12,Rapamycin,50.0
r14c13f01p01-sk1fk1fl1.tiff,-0.51037705,1.5601048,N,13,01,N13,Rapamycin,25.0
r14c13f04p01-sk1fk1fl1.tiff,-1.2564256,4.2818356,N,13,04,N13,Rapamycin,25.0
r14c13f07p01-sk1fk1fl1.tiff,-1.3513879,4.3145347,N,13,07,N13,Rapamycin,25.0
r14c14f01p01-sk1fk1fl1.tiff,-0.70500195,2.8542795,N,14,01,N14,Rapamycin,12.5
r14c14f04p01-sk1fk1fl1.tiff,-0.7985048,3.042685,N,14,04,N14,Rapamycin,12.5
r14c14f07p01-sk1fk1fl1.tiff,-1.1615545,5.086953,N,14,07,N14,Rapamycin,12.5
r14c15f01p01-sk1fk1fl1.tiff,2.3137274,2.5227234,N,15,01,N15,Rapamycin,6.25
r14c15f04p01-sk1fk1fl1.tiff,-1.0062026,3.6100085,N,15,04,N15,Rapamycin,6.25
r14c15f07p01-sk1fk1fl1.tiff,-0.43113208,4.248185,N,15,07,N15,Rapamycin,6.25
r14c16f01p01-sk1fk1fl1.tiff,0.9835434,0.8025145,N,16,01,N16,Rapamycin,3.1666666666667
r14c16f04p01-sk1fk1fl1.tiff,-0.6640337,3.4845715,N,16,04,N16,Rapamycin,3.1666666666667
r14c16f07p01-sk1fk1fl1.tiff,1.1727902,3.030721,N,16,07,N16,Rapamycin,3.1666666666667
r14c17f01p01-sk1fk1fl1.tiff,-0.82588744,4.1624537,N,17,01,N17,Rapamycin,1.5833333333333
r14c17f04p01-sk1fk1fl1.tiff,-1.0040215,4.9977703,N,17,04,N17,Rapamycin,1.5833333333333
r14c17f07p01-sk1fk1fl1.tiff,-1.4068421,1.5127798,N,17,07,N17,Rapamycin,1.5833333333333
r14c18f01p01-sk1fk1fl1.tiff,0.7845676,3.4301267,N,18,01,N18,Rapamycin,0.75
r14c18f04p01-sk1fk1fl1.tiff,0.2808938,2.7625656,N,18,04,N18,Rapamycin,0.75
r14c18f07p01-sk1fk1fl1.tiff,0.2919216,4.278713,N,18,07,N18,Rapamycin,0.75
r14c19f01p01-sk1fk1fl1.tiff,-0.7661738,2.0661094,N,19,01,N19,Rapamycin,0.41666666666667
r14c19f04p01-sk1fk1fl1.tiff,-1.5387173,1.7619183,N,19,04,N19,Rapamycin,0.41666666666667
r14c19f07p01-sk1fk1fl1.tiff,0.16463661,0.59568596,N,19,07,N19,Rapamycin,0.41666666666667
r14c20f01p01-sk1fk1fl1.tiff,-0.4363056,3.280291,N,20,01,N20,Rapamycin,0.16666666666667
r14c20f04p01-sk1fk1fl1.tiff,-0.23682773,4.0547,N,20,04,N20,Rapamycin,0.16666666666667
r14c20f07p01-sk1fk1fl1.tiff,-0.45911834,5.605365,N,20,07,N20,Rapamycin,0.16666666666667
r14c21f01p01-sk1fk1fl1.tiff,-0.4278366,4.531662,N,21,01,N21,Rapamycin,0.083333333333333
r14c21f04p01-sk1fk1fl1.tiff,-0.69197345,3.6122317,N,21,04,N21,Rapamycin,0.083333333333333
r14c21f07p01-sk1fk1fl1.tiff,0.25670877,2.6480136,N,21,07,N21,Rapamycin,0.083333333333333
r14c22f01p01-sk1fk1fl1.tiff,-0.6993526,3.643894,N,22,01,N22,Rapamycin,0.041666666666667
r14c22f04p01-sk1fk1fl1.tiff,-0.9382714,3.7169347,N,22,04,N22,Rapamycin,0.041666666666667
r14c22f07p01-sk1fk1fl1.tiff,-1.8333215,4.257324,N,22,07,N22,Rapamycin,0.041666666666667
r14c23f01p01-sk1fk1fl1.tiff,-1.7825309,2.2814617,N,23,01,N23,DMSO,
r14c23f04p01-sk1fk1fl1.tiff,-1.1094443,1.9584365,N,23,04,N23,DMSO,
r14c23f07p01-sk1fk1fl1.tiff,-1.6521649,1.624599,N,23,07,N23,DMSO,
r14c24f01p01-sk1fk1fl1.tiff,-0.7610538,2.0364497,N,24,01,N24,DMSO,
r14c24f04p01-sk1fk1fl1.tiff,1.1017346,2.7379801,N,24,04,N24,DMSO,
r14c24f07p01-sk1fk1fl1.tiff,1.7482215,1.9059063,N,24,07,N24,DMSO,
r15c01f01p01-sk1fk1fl1.tiff,2.5368912,4.5530653,O,01,01,O01,Rotenone,50.0
r15c01f04p01-sk1fk1fl1.tiff,2.5101168,4.511737,O,01,04,O01,Rotenone,50.0
r15c01f07p01-sk1fk1fl1.tiff,1.063575,10.155823,O,01,07,O01,Rotenone,50.0
r15c02f01p01-sk1fk1fl1.tiff,0.59959537,9.633423,O,02,01,O02,Rotenone,25.0
r15c02f04p01-sk1fk1fl1.tiff,2.1693861,4.688748,O,02,04,O02,Rotenone,25.0
r15c02f07p01-sk1fk1fl1.tiff,0.8757942,9.254916,O,02,07,O02,Rotenone,25.0
r15c03f01p01-sk1fk1fl1.tiff,1.7235961,4.292913,O,03,01,O03,Rotenone,12.5
r15c03f04p01-sk1fk1fl1.tiff,1.7552353,1.6232834,O,03,04,O03,Rotenone,12.5
r15c03f07p01-sk1fk1fl1.tiff,0.3602896,4.9179325,O,03,07,O03,Rotenone,12.5
r15c04f01p01-sk1fk1fl1.tiff,2.1632042,1.8288082,O,04,01,O04,Rotenone,6.25
r15c04f04p01-sk1fk1fl1.tiff,-0.70240706,4.8607535,O,04,04,O04,Rotenone,6.25
r15c04f07p01-sk1fk1fl1.tiff,2.3493955,2.470013,O,04,07,O04,Rotenone,6.25
r15c05f01p01-sk1fk1fl1.tiff,-0.06378041,2.8391654,O,05,01,O05,Rotenone,3.1666666666667
r15c05f04p01-sk1fk1fl1.tiff,0.53241926,5.841685,O,05,04,O05,Rotenone,3.1666666666667
r15c05f07p01-sk1fk1fl1.tiff,0.7067246,4.92598,O,05,07,O05,Rotenone,3.1666666666667
r15c06f01p01-sk1fk1fl1.tiff,-2.1623166,3.9063385,O,06,01,O06,Rotenone,1.5833333333333
r15c06f04p01-sk1fk1fl1.tiff,-0.5743232,2.8355298,O,06,04,O06,Rotenone,1.5833333333333
r15c06f07p01-sk1fk1fl1.tiff,2.2948313,3.2047896,O,06,07,O06,Rotenone,1.5833333333333
r15c07f01p01-sk1fk1fl1.tiff,-0.116320975,5.677919,O,07,01,O07,Rotenone,0.75
r15c07f04p01-sk1fk1fl1.tiff,-0.349184,4.5540032,O,07,04,O07,Rotenone,0.75
r15c07f07p01-sk1fk1fl1.tiff,0.07517892,5.8423886,O,07,07,O07,Rotenone,0.75
r15c08f01p01-sk1fk1fl1.tiff,0.2686956,0.3043909,O,08,01,O08,Rotenone,0.41666666666667
r15c08f04p01-sk1fk1fl1.tiff,-2.3676329,2.5034068,O,08,04,O08,Rotenone,0.41666666666667
r15c08f07p01-sk1fk1fl1.tiff,-1.3439323,3.0529888,O,08,07,O08,Rotenone,0.41666666666667
r15c09f01p01-sk1fk1fl1.tiff,0.9734242,3.9124534,O,09,01,O09,Rotenone,0.16666666666667
r15c09f04p01-sk1fk1fl1.tiff,-0.24431951,5.2609224,O,09,04,O09,Rotenone,0.16666666666667
r15c09f07p01-sk1fk1fl1.tiff,2.3483834,3.398215,O,09,07,O09,Rotenone,0.16666666666667
r15c10f01p01-sk1fk1fl1.tiff,-1.497056,2.315011,O,10,01,O10,Rotenone,0.083333333333333
r15c10f04p01-sk1fk1fl1.tiff,-1.8340603,3.7107606,O,10,04,O10,Rotenone,0.083333333333333
r15c10f07p01-sk1fk1fl1.tiff,-1.2296447,3.5386353,O,10,07,O10,Rotenone,0.083333333333333
r15c11f01p01-sk1fk1fl1.tiff,2.144194,1.8228141,O,11,01,O11,Rotenone,0.041666666666667
r15c11f04p01-sk1fk1fl1.tiff,-2.1805525,3.1953883,O,11,04,O11,Rotenone,0.041666666666667
r15c11f07p01-sk1fk1fl1.tiff,1.4196256,1.3970603,O,11,07,O11,Rotenone,0.041666666666667
r15c12f01p01-sk1fk1fl1.tiff,0.023171285,0.10125747,O,12,01,O12,Rotenone,50.0
r15c12f04p01-sk1fk1fl1.tiff,-2.0840936,4.405557,O,12,04,O12,Rotenone,50.0
r15c12f07p01-sk1fk1fl1.tiff,0.85517913,9.06412,O,12,07,O12,Rotenone,50.0
r15c13f01p01-sk1fk1fl1.tiff,2.308586,4.148005,O,13,01,O13,Rotenone,25.0
r15c13f04p01-sk1fk1fl1.tiff,-1.2280298,4.2320642,O,13,04,O13,Rotenone,25.0
r15c13f07p01-sk1fk1fl1.tiff,2.2607346,3.3919888,O,13,07,O13,Rotenone,25.0
r15c14f01p01-sk1fk1fl1.tiff,2.1832998,3.49136,O,14,01,O14,Rotenone,12.5
r15c14f04p01-sk1fk1fl1.tiff,-0.5628746,5.5287056,O,14,04,O14,Rotenone,12.5
r15c14f07p01-sk1fk1fl1.tiff,2.4196365,3.8725145,O,14,07,O14,Rotenone,12.5
r15c15f01p01-sk1fk1fl1.tiff,2.231412,3.6666067,O,15,01,O15,Rotenone,6.25
r15c15f04p01-sk1fk1fl1.tiff,-1.1830283,4.9041233,O,15,04,O15,Rotenone,6.25
r15c15f07p01-sk1fk1fl1.tiff,-1.454814,4.645582,O,15,07,O15,Rotenone,6.25
r15c16f01p01-sk1fk1fl1.tiff,2.143429,3.5787036,O,16,01,O16,Rotenone,3.1666666666667
r15c16f04p01-sk1fk1fl1.tiff,-0.8993563,4.920491,O,16,04,O16,Rotenone,3.1666666666667
r15c16f07p01-sk1fk1fl1.tiff,0.54202443,5.07985,O,16,07,O16,Rotenone,3.1666666666667
r15c17f01p01-sk1fk1fl1.tiff,-2.4521716,3.3575623,O,17,01,O17,Rotenone,1.5833333333333
r15c17f04p01-sk1fk1fl1.tiff,-1.0132343,2.7055025,O,17,04,O17,Rotenone,1.5833333333333
r15c17f07p01-sk1fk1fl1.tiff,-1.5761911,4.012849,O,17,07,O17,Rotenone,1.5833333333333
r15c18f01p01-sk1fk1fl1.tiff,1.3270375,3.459456,O,18,01,O18,Rotenone,0.75
r15c18f04p01-sk1fk1fl1.tiff,-0.19100869,5.6815267,O,18,04,O18,Rotenone,0.75
r15c18f07p01-sk1fk1fl1.tiff,2.343483,2.9413483,O,18,07,O18,Rotenone,0.75
r15c19f01p01-sk1fk1fl1.tiff,-0.13602728,-0.10890582,O,19,01,O19,Rotenone,0.41666666666667
r15c19f04p01-sk1fk1fl1.tiff,-1.0508541,3.900266,O,19,04,O19,Rotenone,0.41666666666667
r15c19f07p01-sk1fk1fl1.tiff,-0.6037522,5.3383684,O,19,07,O19,Rotenone,0.41666666666667
r15c20f01p01-sk1fk1fl1.tiff,0.35924426,0.64021814,O,20,01,O20,Rotenone,0.16666666666667
r15c20f04p01-sk1fk1fl1.tiff,1.4606961,2.123747,O,20,04,O20,Rotenone,0.16666666666667
r15c20f07p01-sk1fk1fl1.tiff,-0.5438803,4.7319436,O,20,07,O20,Rotenone,0.16666666666667
r15c21f01p01-sk1fk1fl1.tiff,0.30258402,0.6794761,O,21,01,O21,Rotenone,0.083333333333333
r15c21f04p01-sk1fk1fl1.tiff,-2.050526,1.392824,O,21,04,O21,Rotenone,0.083333333333333
r15c21f07p01-sk1fk1fl1.tiff,1.8332037,3.342289,O,21,07,O21,Rotenone,0.083333333333333
r15c22f01p01-sk1fk1fl1.tiff,0.49756727,1.5974176,O,22,01,O22,Rotenone,0.041666666666667
r15c22f04p01-sk1fk1fl1.tiff,-0.71601444,3.60282,O,22,04,O22,Rotenone,0.041666666666667
r15c22f07p01-sk1fk1fl1.tiff,-1.9262258,1.7462559,O,22,07,O22,Rotenone,0.041666666666667
r15c23f01p01-sk1fk1fl1.tiff,-1.667701,2.8722894,O,23,01,O23,DMSO,
r15c23f04p01-sk1fk1fl1.tiff,-0.5731779,-0.27789208,O,23,04,O23,DMSO,
r15c23f07p01-sk1fk1fl1.tiff,-1.7479309,1.5633188,O,23,07,O23,DMSO,
r15c24f01p01-sk1fk1fl1.tiff,-1.2970002,2.9577436,O,24,01,O24,DMSO,
r15c24f04p01-sk1fk1fl1.tiff,-0.32242662,-0.31112948,O,24,04,O24,DMSO,
r15c24f07p01-sk1fk1fl1.tiff,-1.416771,1.3605795,O,24,07,O24,DMSO,
r16c01f01p01-sk1fk1fl1.tiff,14.972357,1.7678039,P,01,01,P01,Tetrandrine,50.0
r16c01f04p01-sk1fk1fl1.tiff,14.283953,1.6385807,P,01,04,P01,Tetrandrine,50.0
r16c01f07p01-sk1fk1fl1.tiff,14.274061,1.6402446,P,01,07,P01,Tetrandrine,50.0
r16c02f01p01-sk1fk1fl1.tiff,14.420985,1.6489376,P,02,01,P02,Tetrandrine,25.0
r16c02f04p01-sk1fk1fl1.tiff,14.203798,1.5742197,P,02,04,P02,Tetrandrine,25.0
r16c02f07p01-sk1fk1fl1.tiff,14.207667,1.5452554,P,02,07,P02,Tetrandrine,25.0
r16c03f01p01-sk1fk1fl1.tiff,1.1308286,10.169786,P,03,01,P03,Tetrandrine,12.5
r16c03f04p01-sk1fk1fl1.tiff,1.3425324,10.400148,P,03,04,P03,Tetrandrine,12.5
r16c03f07p01-sk1fk1fl1.tiff,2.1542976,10.406562,P,03,07,P03,Tetrandrine,12.5
r16c04f01p01-sk1fk1fl1.tiff,2.6381826,4.0681624,P,04,01,P04,Tetrandrine,6.25
r16c04f04p01-sk1fk1fl1.tiff,1.8910029,2.3977392,P,04,04,P04,Tetrandrine,6.25
r16c04f07p01-sk1fk1fl1.tiff,2.4609349,3.0563548,P,04,07,P04,Tetrandrine,6.25
r16c05f01p01-sk1fk1fl1.tiff,1.9460005,2.622418,P,05,01,P05,Tetrandrine,3.1666666666667
r16c05f04p01-sk1fk1fl1.tiff,1.9669946,2.3004174,P,05,04,P05,Tetrandrine,3.1666666666667
r16c05f07p01-sk1fk1fl1.tiff,-2.2965353,3.7568326,P,05,07,P05,Tetrandrine,3.1666666666667
r16c06f01p01-sk1fk1fl1.tiff,0.2954899,2.2205508,P,06,01,P06,Tetrandrine,1.5833333333333
r16c06f04p01-sk1fk1fl1.tiff,-0.97449744,1.0249457,P,06,04,P06,Tetrandrine,1.5833333333333
r16c06f07p01-sk1fk1fl1.tiff,-0.7741512,2.4946108,P,06,07,P06,Tetrandrine,1.5833333333333
r16c07f01p01-sk1fk1fl1.tiff,0.8195834,1.2295824,P,07,01,P07,Tetrandrine,0.75
r16c07f04p01-sk1fk1fl1.tiff,0.56371593,1.9813334,P,07,04,P07,Tetrandrine,0.75
r16c07f07p01-sk1fk1fl1.tiff,-1.5680206,1.695767,P,07,07,P07,Tetrandrine,0.75
r16c08f01p01-sk1fk1fl1.tiff,0.88013035,0.27567688,P,08,01,P08,Tetrandrine,0.41666666666667
r16c08f04p01-sk1fk1fl1.tiff,0.3418125,1.6124078,P,08,04,P08,Tetrandrine,0.41666666666667
r16c08f07p01-sk1fk1fl1.tiff,-1.0980579,3.0862803,P,08,07,P08,Tetrandrine,0.41666666666667
r16c09f01p01-sk1fk1fl1.tiff,-1.9834851,1.5762372,P,09,01,P09,Tetrandrine,0.16666666666667
r16c09f04p01-sk1fk1fl1.tiff,0.60246044,0.55938214,P,09,04,P09,Tetrandrine,0.16666666666667
r16c09f07p01-sk1fk1fl1.tiff,-1.0048018,2.7150762,P,09,07,P09,Tetrandrine,0.16666666666667
r16c10f01p01-sk1fk1fl1.tiff,-0.02268783,4.292068,P,10,01,P10,Tetrandrine,0.083333333333333
r16c10f04p01-sk1fk1fl1.tiff,-0.05883139,1.4988527,P,10,04,P10,Tetrandrine,0.083333333333333
r16c10f07p01-sk1fk1fl1.tiff,0.1468701,-0.05886465,P,10,07,P10,Tetrandrine,0.083333333333333
r16c11f01p01-sk1fk1fl1.tiff,-1.9083235,1.4027097,P,11,01,P11,Tetrandrine,0.041666666666667
r16c11f04p01-sk1fk1fl1.tiff,0.09273716,3.6194406,P,11,04,P11,Tetrandrine,0.041666666666667
r16c11f07p01-sk1fk1fl1.tiff,-2.1809871,2.8541272,P,11,07,P11,Tetrandrine,0.041666666666667
r16c12f01p01-sk1fk1fl1.tiff,15.024802,1.6541762,P,12,01,P12,Tetrandrine,50.0
r16c12f04p01-sk1fk1fl1.tiff,14.36983,1.7315117,P,12,04,P12,Tetrandrine,50.0
r16c12f07p01-sk1fk1fl1.tiff,14.546652,1.6531674,P,12,07,P12,Tetrandrine,50.0
r16c13f01p01-sk1fk1fl1.tiff,14.974608,1.7009518,P,13,01,P13,Tetrandrine,25.0
r16c13f04p01-sk1fk1fl1.tiff,14.317938,1.3085986,P,13,04,P13,Tetrandrine,25.0
r16c13f07p01-sk1fk1fl1.tiff,14.220361,1.2233943,P,13,07,P13,Tetrandrine,25.0
r16c14f01p01-sk1fk1fl1.tiff,2.0961277,10.452691,P,14,01,P14,Tetrandrine,12.5
r16c14f04p01-sk1fk1fl1.tiff,0.4947023,9.810083,P,14,04,P14,Tetrandrine,12.5
r16c14f07p01-sk1fk1fl1.tiff,2.2019603,10.4044895,P,14,07,P14,Tetrandrine,12.5
r16c15f01p01-sk1fk1fl1.tiff,0.6276067,7.6122975,P,15,01,P15,Tetrandrine,6.25
r16c15f04p01-sk1fk1fl1.tiff,2.3237166,4.247132,P,15,04,P15,Tetrandrine,6.25
r16c15f07p01-sk1fk1fl1.tiff,0.75201267,5.52681,P,15,07,P15,Tetrandrine,6.25
r16c16f01p01-sk1fk1fl1.tiff,-1.9997604,2.593604,P,16,01,P16,Tetrandrine,3.1666666666667
r16c16f04p01-sk1fk1fl1.tiff,1.6724257,1.7371262,P,16,04,P16,Tetrandrine,3.1666666666667
r16c16f07p01-sk1fk1fl1.tiff,0.17668405,0.44975904,P,16,07,P16,Tetrandrine,3.1666666666667
r16c17f01p01-sk1fk1fl1.tiff,-0.37966284,-0.45298713,P,17,01,P17,Tetrandrine,1.5833333333333
r16c17f04p01-sk1fk1fl1.tiff,0.9408892,2.0353808,P,17,04,P17,Tetrandrine,1.5833333333333
r16c17f07p01-sk1fk1fl1.tiff,-2.1137269,3.2928994,P,17,07,P17,Tetrandrine,1.5833333333333
r16c18f01p01-sk1fk1fl1.tiff,1.4633365,0.36859873,P,18,01,P18,Tetrandrine,0.75
r16c18f04p01-sk1fk1fl1.tiff,-0.43879986,1.6436094,P,18,04,P18,Tetrandrine,0.75
r16c18f07p01-sk1fk1fl1.tiff,-0.12275913,4.986212,P,18,07,P18,Tetrandrine,0.75
r16c19f01p01-sk1fk1fl1.tiff,1.6151402,1.1671231,P,19,01,P19,Tetrandrine,0.41666666666667
r16c19f04p01-sk1fk1fl1.tiff,-1.358831,1.4172143,P,19,04,P19,Tetrandrine,0.41666666666667
r16c19f07p01-sk1fk1fl1.tiff,-0.38231605,0.8887632,P,19,07,P19,Tetrandrine,0.41666666666667
r16c20f01p01-sk1fk1fl1.tiff,0.29073215,2.46775,P,20,01,P20,Tetrandrine,0.16666666666667
r16c20f04p01-sk1fk1fl1.tiff,-1.5891447,2.813996,P,20,04,P20,Tetrandrine,0.16666666666667
r16c20f07p01-sk1fk1fl1.tiff,-1.424973,2.3839986,P,20,07,P20,Tetrandrine,0.16666666666667
r16c21f01p01-sk1fk1fl1.tiff,-0.22770955,2.944225,P,21,01,P21,Tetrandrine,0.083333333333333
r16c21f04p01-sk1fk1fl1.tiff,-0.45432156,3.5778544,P,21,04,P21,Tetrandrine,0.083333333333333
r16c21f07p01-sk1fk1fl1.tiff,-0.71591604,1.5451248,P,21,07,P21,Tetrandrine,0.083333333333333
r16c22f01p01-sk1fk1fl1.tiff,-0.8620245,1.5584978,P,22,01,P22,Tetrandrine,0.041666666666667
r16c22f04p01-sk1fk1fl1.tiff,-0.7673244,3.5495346,P,22,04,P22,Tetrandrine,0.041666666666667
r16c22f07p01-sk1fk1fl1.tiff,-0.34440267,1.2617626,P,22,07,P22,Tetrandrine,0.041666666666667
r16c23f01p01-sk1fk1fl1.tiff,0.6615903,0.24289706,P,23,01,P23,DMSO,
r16c23f04p01-sk1fk1fl1.tiff,-0.032224525,-0.08573204,P,23,04,P23,DMSO,
r16c23f07p01-sk1fk1fl1.tiff,-1.9195738,1.2392704,P,23,07,P23,DMSO,
r16c24f01p01-sk1fk1fl1.tiff,-2.2687416,2.3770447,P,24,01,P24,DMSO,
r16c24f04p01-sk1fk1fl1.tiff,-2.3824751,3.1964722,P,24,04,P24,DMSO,
r16c24f07p01-sk1fk1fl1.tiff,-2.04102,3.1494288,P,24,07,P24,DMSO,
